,agapsp.,amelinop,amphinsp,apatsp.,aselaqua,athrsp.,baetissp,bathcont,brterasp,calosp.,cerasp.,cerpalge,chelifsp,clingesp,crunsp.,cunagen.,derosp.1,diurbica,dixasp.,drussp.,ecclsp.,ecdyonsp,eisetetr,elmisp.1,elodsp.1,epeosp.,epmerasp,epellasp,ephygen.,esolsp.1,gammsp.,glossosp,gyrasp.,habrolsp,habropsp,halesp.,helostag,hemegen.,heptsp.,hexagen.,hydrsp.1,hyychesp,isopsp.,ithysp.,lepihirt,leptopsp,leuctrsp,limnisp1,liposp.,lithaxsp,mermgen.,micrassp,muscgen.,nemoursp,nemupict,odonalbi,oreosp.1,ortdiaproge,othlimnge,othlumbge,othstechage,oulisp.1,oxyesp.,paralesp,pedigen.,perlodsp,philsp.,casesp.,plrbissp,plecsp.,poopussp,prosgen.,protonsp,psydidge,ptilgran,radisp.,rhithrsp,rhyahosp,rhyilasp,serisp.,serrasp.,sialsp.,silosp.,simulgen,siphonsp,sphiumsp,stylheri,taensp.,tannaege,taninige,tinosp.,tipdaege,triasp.,valvsp.
1,0,6,500,14,0,0,92,0,5,0,0,0,0,0,0,0,0,0,5,0,226,1,0,602,5,1,0,71,0,227,1830,34,0,0,0,0,0,0,0,14,159,5,7,0,0,0,649,2164,0,5,0,0,0,0,0,1,0,0,0,0,248,0,0,0,19,2,1,0,0,0,0,35,318,0,0,0,177,0,31,5,0,0,10,202,62,0,0,0,5,0,0,10,0,0
2,0,23,0,0,0,0,11,0,6,0,0,0,1,0,1,0,0,0,0,7,0,0,0,4,0,0,0,0,0,0,13,0,0,0,0,0,0,0,0,0,0,0,6,0,0,0,101,2,0,0,0,0,0,6,0,0,0,0,0,0,16,0,0,0,2,0,1,0,0,0,0,54,93,0,2,0,4,0,21,10,0,0,0,7,0,0,0,0,1,0,0,0,0,0
3,0,6,146,0,0,0,29,0,69,0,0,0,0,0,0,0,0,0,0,0,6,17,0,107,0,0,0,0,0,30,10,3,0,0,0,0,0,0,0,0,0,11,2,0,0,0,187,463,0,0,0,3,0,3,6,43,0,0,0,0,24,0,0,0,13,2,1,0,0,0,0,20,218,0,0,0,70,3,17,3,0,0,0,3,26,0,0,0,0,0,0,0,0,0
4,0,202,0,0,0,0,4,0,8,0,0,0,0,0,0,0,0,0,0,63,9,0,0,387,0,0,0,0,0,0,0,2,0,0,0,3,0,0,0,3,0,0,18,0,0,0,279,3,0,3,0,0,0,8,0,0,0,0,0,3,159,0,0,0,29,0,0,0,0,1,0,18,375,0,0,0,68,18,46,0,0,0,0,32,0,0,0,0,6,0,0,0,0,0
5,0,0,54,0,0,0,98,0,42,0,0,0,0,0,0,0,0,0,0,15,0,1,2,13,0,10,0,0,0,0,0,6,0,0,0,0,0,0,0,0,0,10,1,0,0,0,51,25,97,0,0,4,0,6,0,2,3,0,0,2,5,0,0,0,0,0,2,0,0,0,0,176,125,4,0,0,3,0,10,0,0,0,0,17,0,0,0,0,2,0,0,0,0,0
6,0,20,55,0,0,0,69,0,11,0,0,0,0,0,0,0,2,0,0,10,1,4,2,56,0,0,0,0,0,33,0,1,0,0,0,0,0,0,0,0,2,6,29,0,0,0,236,42,0,4,0,0,0,7,0,0,2,0,0,0,31,0,0,0,7,1,1,0,0,2,0,7,159,0,0,0,43,0,49,2,0,0,2,4,7,0,0,0,2,0,0,0,0,0
7,0,0,12,2,0,0,8,0,24,0,0,0,0,0,1,0,0,0,0,1,0,6,0,2,2,3,0,0,0,7,21,11,0,1,0,0,0,0,0,0,1,11,6,0,0,0,34,89,10,2,0,2,0,22,0,4,0,0,0,0,20,0,0,0,3,0,2,0,0,0,0,42,176,2,3,0,16,0,7,2,0,0,0,6,2,0,2,0,1,0,1,0,0,0
8,0,3,60,0,0,0,26,0,33,0,0,0,0,0,0,0,0,0,0,0,4,32,0,30,1,0,0,0,0,24,377,16,0,0,0,0,0,0,0,0,4,4,30,0,0,0,48,487,0,0,0,0,0,8,0,5,0,3,0,0,28,0,0,0,8,0,1,0,0,0,0,18,215,3,0,0,82,0,20,8,0,3,0,17,7,0,0,0,10,7,26,0,0,0
9,0,0,0,0,0,0,72,0,0,0,0,0,0,0,0,0,0,0,0,0,0,66,1,298,1,0,0,0,0,1,947,0,0,0,0,0,0,0,0,19,0,25,110,0,0,0,87,898,0,14,0,0,0,0,0,14,1,0,0,0,29,0,0,0,40,3,0,0,0,0,0,0,58,0,0,0,0,0,31,5,0,0,5,29,0,0,0,0,5,0,0,0,0,0
10,0,0,0,0,0,0,68,0,0,0,0,0,0,0,38,0,0,1,0,24,0,10,43,43,5,0,0,0,0,0,663,0,0,0,0,0,0,0,0,5,0,0,106,0,0,0,562,6,0,14,0,0,0,38,0,0,0,0,0,8,29,0,0,0,14,0,11,0,0,25,0,0,24,0,0,0,14,0,29,77,0,0,0,19,5,0,0,0,58,5,0,1,0,0
11,0,0,0,0,0,0,19,0,0,0,0,0,0,0,0,0,0,0,0,0,2,0,0,11,1,0,0,0,0,0,41,0,0,0,0,0,0,0,0,1,0,5,3,0,0,0,32,185,0,0,0,0,0,1,0,15,0,0,0,0,10,0,0,0,32,0,10,0,0,0,0,0,16,0,0,0,0,0,12,0,2,0,0,6,0,0,1,0,4,2,0,0,0,0
12,0,3,0,0,0,0,12,0,0,0,0,0,0,0,0,0,0,2,0,32,0,0,0,57,0,0,0,0,0,0,0,0,2,0,0,0,0,0,0,0,0,0,53,0,0,0,179,4,0,2,0,0,0,2,1,0,2,2,0,0,42,0,0,0,14,0,2,0,0,1,0,0,48,0,4,0,75,0,29,0,0,0,0,37,0,0,0,0,6,24,0,0,0,0
13,0,0,0,0,0,0,27,0,0,0,0,0,0,0,0,0,1,1,0,7,0,78,0,10,0,0,0,0,0,0,14,0,0,0,0,0,0,0,0,1,0,3,19,0,0,0,65,63,1,0,0,0,0,23,0,7,0,0,0,0,2,0,0,0,6,0,17,0,0,0,0,0,2,0,0,0,0,0,17,4,0,0,1,40,0,0,0,0,0,5,0,1,0,0
14,0,0,0,0,0,0,20,0,0,0,0,7,0,0,0,0,10,0,2,9,0,102,0,103,4,0,0,0,0,0,0,0,0,7,0,0,0,0,0,0,2,23,107,0,0,0,277,208,0,0,0,0,0,9,0,0,2,0,0,5,9,0,0,0,2,3,20,0,0,13,0,0,32,0,0,0,2,0,37,22,0,0,0,2,0,0,7,0,26,15,0,0,0,0
15,0,0,0,0,0,0,43,0,0,0,0,0,0,0,0,0,0,3,0,5,0,17,0,53,3,3,0,0,0,3,128,0,0,6,0,0,0,0,0,0,19,104,112,0,0,0,147,245,0,0,0,0,0,19,0,8,6,0,0,0,8,0,0,0,12,0,8,0,0,0,0,0,88,0,0,0,3,3,11,0,0,0,3,5,0,0,0,0,5,0,0,0,0,0
16,0,0,0,0,0,0,182,0,0,0,0,0,5,0,0,0,0,0,0,5,0,22,0,34,44,0,0,0,0,0,835,0,0,0,0,0,0,0,0,0,14,6,193,0,0,0,355,639,0,0,0,0,0,14,0,5,0,0,0,0,34,0,0,0,5,0,183,0,0,0,0,0,91,0,0,0,0,0,68,19,0,6,0,96,0,0,5,0,5,5,0,0,0,0
17,0,0,0,0,0,0,0,0,0,0,0,0,0,0,0,0,0,0,0,0,0,0,0,0,0,0,0,0,0,0,0,0,0,0,0,0,0,0,0,0,0,0,0,0,0,0,10,0,0,0,0,0,0,57,42,0,0,0,0,0,0,0,0,0,0,0,0,0,0,5,0,0,0,0,0,0,0,0,0,0,0,0,0,78,0,0,0,0,5,0,0,0,0,0
18,0,0,0,0,0,0,0,0,0,0,0,0,0,5,0,0,0,0,0,0,0,0,0,0,0,0,0,0,0,0,0,0,0,0,0,0,0,0,0,0,0,0,0,0,0,0,17,0,0,0,0,0,0,90,145,0,0,0,0,0,0,0,0,0,0,0,0,0,0,2,0,0,0,0,0,0,0,0,0,0,0,0,0,240,0,0,0,0,0,0,0,0,0,0
19,0,0,0,0,0,0,0,0,0,0,0,0,0,3,0,0,0,0,0,0,0,0,0,0,0,0,0,0,0,0,0,0,0,0,0,0,0,0,0,0,0,0,0,0,0,0,12,0,0,0,0,0,0,264,83,0,0,0,4,0,0,0,0,0,0,0,0,9,0,5,0,0,0,0,0,0,0,0,0,0,0,0,0,179,0,0,0,0,1,0,0,0,0,0
20,0,0,0,0,0,0,0,0,0,0,0,2,0,0,0,0,0,0,0,0,0,0,0,0,0,0,0,0,0,0,0,0,0,0,0,0,0,0,0,0,0,0,0,0,0,0,0,0,0,0,0,0,0,130,2,0,0,0,0,0,0,0,0,0,0,0,0,0,0,261,0,0,0,0,0,0,0,0,0,0,0,0,0,2365,0,0,0,0,22,0,0,0,0,0
21,0,0,0,0,0,0,0,0,0,0,0,0,0,0,0,0,0,0,0,0,0,0,0,0,0,0,0,0,0,0,0,0,0,0,0,0,0,0,0,0,0,0,0,0,0,0,13,0,0,0,0,0,0,2,21,0,0,0,0,0,0,0,0,0,0,0,0,0,0,17,0,0,0,0,0,0,0,0,0,0,0,0,0,5,0,0,0,0,3,0,0,0,0,0
22,0,0,0,0,0,0,0,0,0,0,0,0,0,0,0,0,0,0,0,0,0,0,0,0,0,0,0,0,0,0,0,0,0,0,0,0,0,0,0,0,0,0,0,0,0,0,27,0,0,0,0,0,0,82,131,0,0,0,0,0,0,0,0,0,0,0,0,0,0,9,0,0,0,0,0,0,0,0,0,0,0,0,0,850,0,0,0,0,0,0,0,0,0,0
23,0,0,0,0,0,0,0,0,0,0,0,18,0,0,0,0,0,0,0,0,0,0,0,0,0,0,0,0,2,0,0,0,0,0,0,0,0,0,0,0,0,0,0,0,0,0,7,0,0,0,0,0,0,138,9,0,0,0,1,0,0,0,0,0,0,0,0,0,0,5,0,0,0,0,0,0,0,0,0,0,0,0,0,68,0,0,0,0,26,0,0,0,0,0
24,0,0,0,0,0,0,0,0,0,0,0,2,0,1,0,0,0,0,0,0,0,0,0,0,0,0,0,0,0,0,0,0,0,0,0,0,0,0,0,0,0,0,0,0,0,0,0,0,0,0,0,0,0,214,0,0,0,0,0,0,0,0,0,0,0,0,0,0,0,3,0,0,0,0,0,0,0,0,0,0,0,0,0,103,0,0,0,0,33,0,0,0,0,0
25,0,0,0,0,0,0,0,0,0,0,0,0,0,0,0,0,0,0,0,0,0,0,0,0,0,0,0,0,0,0,0,0,0,0,0,0,0,0,0,0,0,0,0,0,0,0,12,0,0,0,0,0,0,26,38,0,0,0,0,0,0,0,0,0,0,0,0,1,0,8,0,0,0,0,0,0,0,0,0,0,0,0,0,173,0,0,0,0,14,0,0,0,0,0
26,0,0,0,0,0,0,0,0,0,0,0,0,0,0,0,0,0,0,0,0,0,0,0,0,0,0,0,0,0,0,0,0,0,0,0,0,0,0,0,0,0,0,0,0,0,0,7,0,0,0,0,0,0,15,0,0,0,0,0,0,0,0,0,0,0,0,0,0,0,0,0,0,0,0,0,0,0,0,0,0,0,0,0,194,0,0,0,0,3,0,0,0,0,0
27,0,0,0,0,0,0,0,0,0,0,0,0,0,1,0,0,0,0,0,0,0,0,0,0,0,0,0,0,0,0,0,0,0,0,0,0,0,0,0,3,0,0,0,0,0,0,7,0,0,0,0,0,0,19,1,0,0,0,0,0,0,0,0,0,2,0,0,1,0,3,0,0,0,0,0,0,0,0,0,0,0,0,0,35,0,0,0,0,23,0,0,0,0,0
28,0,0,0,0,0,0,0,0,0,0,0,0,0,0,0,0,0,0,0,0,0,0,0,0,0,0,0,0,0,0,0,0,0,0,0,0,0,0,0,2,0,0,0,0,0,0,8,0,0,0,0,0,0,72,53,0,0,0,0,0,0,0,0,0,14,0,0,0,0,1,0,0,0,0,0,0,0,0,0,0,0,0,0,130,0,0,0,0,0,0,0,0,0,0
29,0,0,0,0,0,0,0,0,0,0,0,0,0,5,0,0,0,0,0,0,0,0,0,0,0,0,0,0,0,0,0,0,0,0,0,0,0,0,0,0,0,0,0,0,0,0,2,0,0,0,0,0,0,79,2,0,0,0,0,0,0,0,0,0,0,0,0,0,0,1,0,0,0,0,0,0,0,0,0,0,0,0,0,14,0,0,0,0,1,0,0,0,0,0
30,0,0,0,0,0,0,0,0,3,0,0,8,0,0,0,1,0,0,0,0,0,0,0,0,0,0,0,0,0,0,0,0,0,0,0,0,0,0,0,0,0,0,0,0,0,0,16,0,0,0,0,0,0,7,0,0,0,0,0,0,0,0,0,0,0,0,0,0,0,0,0,0,0,0,0,0,0,0,0,0,0,0,0,42,0,0,0,0,1,0,0,0,0,0
31,0,0,0,0,0,0,0,0,0,0,0,0,0,0,0,0,0,0,0,0,0,0,0,0,0,0,0,0,0,0,0,0,0,0,0,0,0,0,0,0,0,0,0,0,0,0,1,0,0,0,0,0,0,153,8,0,0,0,0,0,0,0,0,0,0,0,0,0,0,1,0,0,0,0,0,0,0,0,0,0,0,0,0,157,0,0,0,0,7,0,0,0,0,0
32,0,0,0,0,0,0,0,0,0,0,0,0,0,0,0,1,0,0,0,0,0,0,0,0,0,0,0,0,0,0,0,0,0,0,0,0,0,0,0,0,0,0,0,0,0,0,14,0,0,0,0,0,0,23,29,0,0,0,0,0,0,0,0,0,0,0,0,6,0,8,0,0,0,0,0,0,0,0,0,0,0,0,0,15,0,0,0,0,21,0,0,0,0,0
33,0,0,0,0,0,0,0,0,0,0,0,0,0,0,0,0,0,0,0,0,0,0,0,0,0,0,0,0,0,0,0,0,0,0,0,0,0,0,0,0,0,0,0,0,0,0,28,0,0,0,0,0,0,126,129,0,0,0,0,0,0,0,0,0,0,0,0,0,0,6,0,0,0,0,0,0,0,0,0,0,0,0,0,390,0,0,0,0,0,0,0,0,0,0
34,0,0,0,0,0,0,0,0,11,0,0,0,0,0,0,0,0,0,0,0,0,0,0,0,0,0,0,0,0,0,0,0,0,0,0,0,0,0,0,3,0,0,0,0,0,0,5,0,0,0,0,0,0,34,2,0,0,0,0,0,1,0,0,0,0,0,0,0,0,1,0,0,0,0,0,0,0,0,0,0,0,0,0,116,0,0,0,1,10,0,0,0,0,0
35,0,0,0,0,0,0,0,0,0,0,0,0,0,0,0,0,0,0,0,0,0,0,0,0,0,0,0,0,0,0,0,0,0,0,0,0,0,0,0,5,0,0,0,0,0,0,0,0,0,0,0,0,0,42,1,0,0,0,0,0,0,0,0,0,2,0,0,1,0,0,0,0,0,0,0,0,0,0,0,0,0,0,0,12,0,0,0,0,1,0,0,0,0,0
36,0,0,0,0,0,0,0,0,0,0,0,2,0,0,0,0,0,0,0,0,0,0,0,0,0,0,0,0,0,0,0,0,0,0,0,0,0,0,0,0,0,0,0,0,0,0,23,0,0,0,0,0,0,33,2,0,0,0,1,0,0,0,0,0,0,0,0,1,0,7,0,0,0,0,0,0,0,0,0,0,0,0,0,12,0,0,0,0,19,0,0,0,0,0
37,0,0,0,0,0,0,0,0,0,0,0,0,0,0,0,0,0,0,0,0,0,0,0,0,0,0,0,0,0,0,0,0,0,0,0,0,0,0,0,0,0,0,0,0,0,0,14,0,0,0,0,0,0,48,25,0,0,0,0,0,0,0,0,0,0,0,0,0,0,7,0,0,0,0,0,0,0,0,0,0,0,0,0,229,0,0,0,0,1,0,0,0,0,0
38,0,0,0,0,0,0,0,0,0,0,0,1,0,0,0,0,0,0,0,0,0,0,0,0,0,0,0,0,0,0,0,0,0,0,0,0,0,0,0,2,0,0,0,0,0,0,12,0,0,0,0,0,0,15,33,0,0,0,0,0,0,0,0,0,5,0,0,0,0,16,0,0,0,0,0,0,0,0,0,0,0,0,0,3,0,0,0,0,13,0,0,0,0,0
39,0,0,0,0,0,0,0,0,0,0,0,0,0,0,0,0,0,0,0,0,0,0,0,0,0,0,0,0,0,0,0,0,0,0,0,0,0,0,0,2,0,0,0,0,0,0,15,0,0,0,0,0,0,96,75,0,0,0,0,0,1,0,0,0,16,0,0,0,0,0,0,0,0,0,0,0,0,0,0,0,0,0,0,79,0,0,0,0,0,0,0,0,0,0
40,0,0,0,0,0,0,0,0,0,0,0,0,0,1,0,0,0,0,0,0,0,0,0,0,0,0,0,0,0,0,0,0,0,0,0,0,0,0,0,0,0,0,0,0,0,0,9,0,0,0,0,0,0,96,0,0,0,0,0,0,0,0,0,0,0,0,0,0,0,3,0,0,0,0,0,0,0,0,0,0,0,0,0,4,0,0,0,0,1,0,0,0,0,0
41,0,0,0,0,0,0,0,0,0,0,0,3,0,1,0,0,0,0,0,0,0,0,0,0,0,0,0,0,0,0,0,0,0,0,0,0,0,0,0,0,0,0,0,0,0,0,21,0,0,0,0,0,0,58,30,0,0,0,0,0,0,0,0,0,0,0,0,0,0,1,0,0,0,0,0,0,0,0,0,0,0,0,0,77,0,0,0,0,19,0,0,0,0,0
42,0,0,0,0,0,0,0,0,64,0,0,1,0,0,0,0,0,0,0,0,0,0,0,0,0,0,0,0,0,0,0,0,0,0,0,0,0,0,0,3,0,0,0,0,0,0,4,0,0,0,0,0,0,38,6,0,0,0,1,0,1,0,0,0,9,0,0,0,0,4,0,0,0,0,0,0,0,0,0,0,0,0,0,114,0,0,0,0,1,0,0,0,0,0
43,0,0,0,0,0,0,0,0,2,0,0,2,0,0,0,1,0,0,0,0,0,0,0,0,0,0,0,0,0,0,0,0,0,0,0,0,0,0,0,0,0,0,0,0,0,0,4,0,0,0,0,0,0,33,0,0,0,0,1,0,0,0,0,0,0,0,0,0,0,2,0,0,0,0,0,0,0,0,0,0,0,0,0,183,0,0,0,0,2,0,0,0,0,0
44,0,0,0,0,0,0,0,0,0,0,0,1,0,0,0,0,0,0,0,0,0,0,0,0,0,0,0,0,0,0,0,0,0,0,0,0,0,0,0,0,0,0,0,0,0,0,21,0,0,0,0,0,0,109,40,0,0,0,3,0,0,0,0,0,0,0,0,1,0,2,0,0,0,0,0,0,0,0,0,0,0,0,0,152,0,0,0,0,8,0,0,0,0,0
45,0,0,0,0,0,0,0,0,0,0,0,0,0,0,0,0,0,0,0,0,0,0,0,0,0,0,0,0,0,0,0,0,0,0,0,0,0,0,0,4,0,0,0,0,0,0,6,0,0,0,0,0,0,129,24,0,0,0,0,0,0,0,0,0,12,0,0,0,0,3,0,0,0,0,0,0,0,0,0,0,0,0,0,94,0,0,0,0,1,0,0,0,0,0
46,0,0,0,0,0,0,0,0,0,0,0,1,0,2,0,0,0,0,0,0,0,0,0,0,0,0,0,0,0,0,0,0,0,0,0,0,0,0,0,0,0,0,0,0,0,0,0,0,0,0,0,0,0,39,22,0,0,0,0,0,0,0,0,0,0,0,0,13,0,11,0,0,0,0,0,0,0,0,0,0,0,0,0,10,0,0,0,0,44,0,0,0,0,0
47,0,0,0,0,0,0,0,0,0,0,0,46,0,1,0,0,0,0,0,0,0,0,0,0,0,0,0,0,0,0,0,0,0,0,0,0,0,0,0,0,0,0,0,0,0,0,1,0,0,0,0,0,0,9,88,0,0,0,0,0,0,0,0,0,0,0,0,0,0,6,0,0,0,0,0,0,0,0,0,0,0,0,0,24,0,0,0,0,26,0,0,0,0,0
48,0,0,0,0,0,0,0,0,0,0,0,3,0,0,0,0,0,0,0,0,0,0,0,0,0,0,0,0,1,0,0,0,0,0,0,0,0,0,0,0,0,0,0,0,0,0,41,0,0,0,0,0,0,76,192,0,0,0,2,0,0,0,0,0,0,0,0,0,0,22,0,0,0,0,0,0,0,0,0,0,0,0,0,213,0,0,0,0,6,0,0,0,0,0
49,0,0,0,0,0,0,0,0,0,0,0,1,0,0,0,0,0,0,0,0,0,0,0,0,0,0,0,0,0,0,0,0,0,0,0,0,0,0,0,0,0,0,0,0,0,0,1,0,0,0,0,0,0,16,11,0,0,0,0,0,0,0,0,0,0,0,0,0,0,8,0,0,0,0,0,0,0,0,0,0,0,0,0,2,0,0,0,0,10,0,0,0,0,0
50,0,0,0,0,0,0,1,0,0,0,0,9,0,0,0,0,0,0,0,0,0,0,0,0,0,0,0,0,0,0,0,0,0,0,0,0,0,0,0,2,0,0,0,0,0,0,11,0,0,0,0,0,0,10,12,0,0,0,0,0,0,0,0,0,2,0,0,0,0,8,0,0,0,0,0,0,0,0,0,0,0,0,0,41,0,0,0,0,11,0,0,0,0,0
51,0,0,0,0,0,0,0,0,0,0,0,11,0,0,0,0,0,0,0,0,0,0,0,0,0,0,0,0,1,0,0,0,0,0,0,0,0,0,0,0,0,0,0,0,0,0,0,0,0,0,0,0,0,3,0,0,0,0,0,0,0,0,0,0,0,0,0,0,0,18,0,0,0,0,0,0,0,0,0,0,0,0,0,22,0,0,0,0,25,0,0,0,0,0
52,0,0,0,0,0,0,0,0,0,0,0,0,0,0,0,0,0,0,0,0,0,0,0,0,0,0,0,0,0,0,0,0,0,0,0,0,0,0,0,0,0,0,0,0,0,0,0,0,0,0,0,0,0,35,135,0,0,0,5,0,0,0,0,0,0,0,0,0,0,0,0,0,0,0,0,0,0,0,1,0,0,0,0,259,0,0,0,0,52,0,0,0,0,0
53,0,0,0,0,0,0,0,0,0,0,0,1,0,0,0,5,0,0,0,0,0,0,0,0,0,0,0,0,0,0,0,0,0,0,0,0,0,0,0,0,0,0,0,0,0,0,4,0,0,0,0,0,0,7,0,0,0,0,0,0,0,0,0,0,0,0,0,4,0,0,0,0,0,0,0,0,0,0,0,0,0,0,0,30,0,0,0,0,6,0,0,0,0,0
54,0,0,0,0,0,0,0,0,9,0,0,0,0,0,0,0,0,1,0,0,0,0,0,0,0,0,0,0,0,0,0,0,0,0,0,0,0,0,0,0,0,0,0,0,0,0,1,0,0,0,0,0,0,32,5,0,0,0,0,0,0,0,0,0,0,0,0,0,0,3,0,0,0,0,0,0,0,0,0,0,0,0,0,98,0,0,0,0,0,0,0,0,0,0
55,0,0,0,0,0,0,0,0,0,0,0,0,0,0,0,0,0,0,0,0,0,0,0,0,0,0,0,0,0,0,0,0,0,0,0,0,0,0,0,0,0,0,0,0,0,0,3,0,0,0,0,0,0,50,3,0,0,0,1,0,0,0,0,0,0,0,0,0,0,0,0,0,0,0,0,0,0,0,0,0,0,0,0,48,0,0,0,0,1,0,0,0,0,0
56,0,0,0,0,0,0,0,0,0,0,0,0,0,0,0,0,0,0,0,0,0,0,0,0,0,0,0,0,0,0,0,0,0,0,0,0,0,0,0,0,0,0,0,0,0,0,2,0,0,0,0,0,0,5,0,0,0,0,0,0,0,0,0,0,0,0,0,0,0,1,0,0,0,0,0,0,0,0,0,0,0,0,0,62,0,0,0,0,1,0,0,0,0,0
57,0,0,0,0,0,0,0,0,1,0,0,0,0,0,0,2,0,1,0,0,0,0,0,0,0,0,0,0,0,0,0,0,0,0,0,0,0,0,0,0,0,0,0,0,0,0,3,0,0,0,0,0,0,13,0,0,0,0,0,0,0,0,0,0,0,0,0,2,0,0,0,0,0,0,0,0,0,0,0,0,0,0,0,116,0,0,0,0,6,0,0,0,0,0
58,0,0,0,0,0,0,0,0,0,0,0,9,0,0,0,0,0,0,0,0,0,0,0,0,0,0,0,0,1,0,0,0,0,0,0,0,0,0,0,0,0,0,0,0,0,0,0,0,0,0,0,0,0,9,0,0,0,0,0,0,0,0,0,0,0,0,0,0,0,34,0,0,0,0,0,0,0,0,0,0,0,0,0,24,0,0,0,0,31,0,0,0,0,0
59,0,0,0,0,0,0,0,0,1,0,0,0,0,3,0,0,0,0,0,0,0,0,0,0,0,0,0,0,0,0,0,0,0,0,0,0,0,0,0,0,0,0,0,0,0,0,2,0,0,0,0,0,0,12,9,0,0,0,0,0,0,0,0,0,0,0,0,3,0,2,0,0,0,0,0,0,0,0,0,0,0,0,0,21,0,0,0,0,2,0,0,0,0,0
60,0,0,0,0,0,0,0,0,0,0,0,1,0,0,0,5,0,0,0,0,0,0,0,0,0,0,0,0,0,0,0,0,0,0,0,0,0,0,0,0,0,0,0,0,0,0,0,0,0,0,0,0,0,20,1,0,0,0,6,0,0,0,0,0,0,0,0,1,0,0,0,0,0,0,0,0,0,0,0,0,0,0,0,25,0,0,0,0,10,0,0,0,0,0
61,0,0,0,0,0,0,0,0,0,0,0,4,0,0,0,0,0,0,0,0,0,0,0,0,0,0,0,0,0,0,0,0,0,0,0,0,0,0,0,0,0,0,0,0,0,0,8,0,0,0,0,0,0,1,0,0,0,0,0,0,0,0,0,0,0,0,0,0,0,0,0,0,0,0,0,0,0,0,0,0,0,0,0,15,0,0,0,0,4,0,0,0,0,0
62,0,0,0,0,0,0,0,0,0,0,0,3,0,0,0,1,0,0,0,0,0,0,0,0,0,0,0,0,0,0,0,0,0,0,0,0,0,0,0,0,0,0,0,0,0,0,0,0,0,0,0,0,0,3,0,0,0,0,0,0,0,0,0,0,0,0,0,0,0,0,0,0,0,0,0,0,0,0,0,0,0,0,0,3,0,0,0,0,0,0,0,0,0,0
63,0,0,0,0,0,0,0,0,0,0,0,1,0,0,0,0,0,0,0,0,0,0,0,0,0,0,0,0,0,0,0,0,0,0,0,0,0,0,0,0,0,0,0,0,0,0,15,0,0,0,0,0,0,7,2,0,0,0,0,0,0,0,0,0,0,0,0,0,0,2,0,0,0,0,0,0,0,0,0,0,0,0,0,2,0,0,0,0,1,0,0,0,0,0
64,0,0,0,0,0,0,0,0,0,0,0,0,0,5,0,0,0,0,0,0,0,0,0,0,0,0,0,0,0,0,0,0,0,0,0,0,0,0,0,0,0,0,0,0,0,0,9,0,0,0,0,0,0,126,15,0,0,0,0,0,0,0,0,0,0,0,0,0,0,1,0,0,0,0,0,0,0,0,0,0,0,0,0,331,0,0,0,0,4,0,0,0,0,0
65,0,0,0,0,0,0,0,0,0,0,0,1,0,0,0,0,0,0,0,0,0,0,0,0,0,0,0,0,0,0,0,0,0,0,0,0,0,0,0,0,0,0,0,0,0,0,0,0,0,0,0,0,0,2,0,0,0,0,0,0,0,0,0,0,0,0,0,0,0,7,0,0,0,0,0,0,0,0,0,0,0,0,0,27,0,0,0,0,7,0,0,0,0,0
66,0,0,0,0,0,0,0,0,0,0,0,0,0,0,0,0,0,0,0,0,0,0,0,0,0,0,0,0,0,0,0,0,0,0,0,0,0,0,0,1,0,0,0,0,0,0,8,0,0,0,0,0,0,18,10,0,0,0,1,0,1,0,0,0,3,0,0,1,0,5,0,0,0,0,0,0,0,0,0,0,0,0,0,0,0,0,0,0,0,0,0,0,0,0
67,0,0,0,0,0,0,0,0,0,0,0,0,0,0,0,0,0,0,0,0,0,0,0,0,0,0,0,0,0,0,0,0,0,0,0,0,0,0,0,0,0,0,0,0,0,0,0,0,0,0,0,0,0,20,3,0,0,0,0,0,0,0,0,0,0,0,0,0,0,11,0,0,0,0,0,0,0,0,0,0,0,0,0,0,0,0,0,0,3,0,0,0,0,0
68,0,0,0,0,0,0,0,0,0,0,0,0,0,0,0,0,0,0,0,0,0,0,0,0,0,0,0,0,0,0,0,0,0,0,0,0,0,0,0,0,0,0,0,0,0,0,5,0,0,0,0,0,0,6,10,0,0,0,11,0,1,0,0,0,0,0,0,7,0,6,0,0,0,0,0,0,0,0,0,0,0,0,0,6,0,0,0,0,5,0,0,0,0,0
69,0,0,0,0,0,0,0,0,0,0,0,0,0,1,0,0,0,0,0,0,0,0,0,0,0,0,0,0,0,0,0,0,0,0,0,0,0,0,0,1,0,0,0,0,0,0,70,0,0,0,0,0,0,10,63,0,0,0,0,0,1,0,0,0,10,0,0,0,0,41,0,0,0,0,0,0,0,0,0,0,0,0,0,161,0,0,0,0,41,0,0,0,0,0
70,0,0,0,0,0,0,0,0,0,0,0,1,0,0,0,0,0,0,0,0,0,0,0,0,0,0,0,0,0,0,0,0,0,0,0,0,0,0,0,0,0,0,0,0,0,0,233,0,0,0,0,0,0,36,567,0,0,0,0,0,4,0,0,0,15,0,0,0,0,18,0,0,0,0,0,0,0,0,0,0,0,0,0,22,0,0,0,0,11,0,0,0,0,0
71,0,0,0,0,0,0,0,0,0,0,0,1,0,2,0,0,0,0,0,0,0,0,0,0,0,0,0,0,0,0,0,0,0,0,0,0,0,0,0,0,0,0,0,0,0,0,117,0,0,0,0,0,0,45,127,0,0,0,0,0,1,0,0,0,17,0,0,1,0,40,0,0,0,0,0,0,0,0,0,0,0,0,0,15,0,0,0,0,6,0,0,0,0,0
72,0,0,0,0,0,0,0,0,0,0,0,22,0,0,0,0,0,0,0,0,0,0,0,0,0,0,0,0,0,0,0,0,0,0,0,0,0,0,0,0,0,0,0,0,0,0,0,0,0,0,0,0,0,16,145,0,0,0,0,0,0,0,0,0,20,0,0,1,0,461,0,0,0,0,0,0,0,0,0,0,0,0,0,772,0,0,0,0,183,0,0,0,0,0
73,0,0,0,0,0,0,0,0,0,0,0,18,0,0,0,0,0,0,0,0,0,0,0,0,0,0,0,0,0,0,0,0,0,0,0,0,0,0,0,0,0,0,0,0,0,0,71,0,0,0,0,0,0,16,118,0,0,0,0,0,0,0,0,0,12,0,0,0,0,65,0,0,0,0,0,0,0,0,0,0,0,0,0,5,0,0,0,0,36,0,0,0,0,0
74,0,0,0,0,0,0,0,0,0,0,0,0,0,0,0,0,0,0,0,0,0,0,0,0,0,0,0,0,0,0,0,0,0,0,0,0,0,0,0,0,0,0,0,0,0,0,342,0,0,0,0,0,0,47,387,0,0,0,0,0,1,0,0,0,17,0,0,0,0,29,0,0,0,0,0,0,0,0,0,0,0,0,0,541,0,0,0,0,6,0,0,0,0,0
75,0,0,0,0,0,0,0,0,0,0,0,1,0,0,0,0,0,0,0,0,0,0,0,0,0,0,0,0,0,0,0,0,0,0,0,0,0,0,0,0,0,0,0,0,0,0,62,0,0,0,0,0,0,0,67,0,0,0,0,0,0,0,0,0,1,0,0,0,0,20,0,0,0,0,0,0,0,0,0,0,0,0,0,23,0,0,0,0,143,0,0,0,0,0
76,0,0,0,0,0,0,0,0,0,0,0,3,0,0,0,0,0,0,0,0,0,0,0,0,0,0,0,0,0,0,0,0,0,0,0,0,0,0,0,0,0,0,0,0,0,0,3,0,0,0,0,0,0,0,273,0,0,0,0,0,2,0,0,0,0,0,0,0,0,2,0,0,0,0,0,0,0,0,0,0,0,0,0,130,0,0,0,0,292,0,0,0,0,0
77,0,0,0,0,0,0,0,0,0,0,0,0,0,0,0,0,0,0,0,0,0,0,0,0,0,0,0,0,0,0,0,0,0,0,0,0,0,0,0,0,0,0,0,0,0,0,30,0,0,0,0,0,0,34,521,0,0,0,0,0,0,0,0,0,0,0,0,0,0,34,0,0,0,0,0,0,0,0,0,0,0,0,0,699,0,0,0,0,2,0,0,0,0,0
78,0,0,0,0,0,0,0,0,0,0,0,6,0,0,0,0,0,2,0,0,0,0,0,0,0,0,0,0,0,0,0,0,0,0,0,0,0,0,0,0,0,0,0,0,0,0,87,0,0,0,0,0,0,2,24,0,0,3,1,0,0,0,0,0,9,0,0,3,0,7,0,0,0,0,0,0,0,0,0,0,0,0,0,36,0,0,0,0,34,0,0,0,0,0
79,0,0,0,0,0,0,0,0,0,0,0,11,0,0,0,0,0,0,0,0,0,0,0,0,0,0,0,0,0,0,0,0,0,0,0,0,0,0,0,0,0,0,0,0,0,0,22,0,0,0,0,0,0,1,15,0,0,0,0,0,0,0,0,0,0,0,0,3,0,10,0,0,0,0,0,0,0,0,0,0,0,0,0,45,0,0,0,0,32,0,0,0,0,0
80,0,0,0,0,0,0,0,0,0,0,0,0,0,0,0,0,0,0,0,0,0,0,0,0,0,0,0,0,0,0,0,0,0,0,0,0,0,0,0,0,0,0,0,0,0,0,33,0,0,0,0,0,0,2,80,0,0,0,0,0,0,0,0,0,0,0,0,0,0,3,0,0,0,0,0,0,0,0,0,0,0,0,0,79,0,0,0,0,6,0,0,0,0,0
81,0,0,0,0,0,0,0,0,0,0,0,0,0,0,0,0,0,0,0,0,0,0,0,0,0,0,0,0,0,0,0,0,0,0,0,0,0,0,0,0,0,0,0,0,0,0,244,0,0,0,0,0,0,5,19,0,0,0,0,0,0,0,0,0,0,0,0,0,0,11,0,0,0,0,0,0,0,0,0,0,0,0,0,46,0,0,0,0,39,0,0,0,0,0
82,0,0,0,0,0,0,0,0,0,0,0,3,0,0,0,0,0,0,0,0,0,0,0,0,0,0,0,0,0,0,0,0,0,0,0,0,0,0,0,0,0,0,0,0,0,0,4,0,0,0,0,0,0,0,2,0,0,0,0,0,0,0,0,0,0,0,0,0,0,0,0,0,0,0,0,0,0,0,0,0,0,0,0,3,0,0,0,0,3,0,0,0,0,0
83,0,0,0,0,0,0,0,0,0,0,0,1,0,1,0,0,0,0,0,0,0,0,0,0,0,0,0,0,2,0,0,0,0,0,0,0,0,0,0,1,0,0,0,0,0,0,116,0,0,0,0,0,0,9,242,0,0,0,0,0,5,0,0,0,18,0,0,0,0,13,0,0,0,0,0,0,0,0,0,0,0,0,0,103,0,1,0,0,29,0,0,0,0,0
84,0,0,0,0,0,0,0,0,0,0,0,1,0,0,0,0,0,0,0,0,0,0,0,0,0,0,0,0,0,0,0,0,0,0,0,0,0,0,0,0,0,0,0,0,0,0,80,0,0,0,0,0,0,2,302,0,0,0,0,0,1,0,0,0,0,0,0,5,0,84,0,0,0,0,0,0,0,0,0,0,0,0,0,803,0,0,0,0,357,0,0,0,0,0
85,0,0,0,0,0,0,0,0,0,0,0,0,0,0,0,0,0,0,0,0,0,0,0,0,0,0,0,0,0,0,0,0,0,0,0,0,0,0,0,0,0,0,0,0,0,0,180,0,0,0,0,0,0,6,382,0,0,0,1,0,0,0,0,0,2,0,0,0,0,29,0,0,0,0,0,0,0,0,0,0,0,0,0,257,0,0,0,0,0,0,0,0,0,0
86,0,0,0,0,0,0,0,0,0,0,0,10,0,0,0,0,0,0,0,0,0,0,0,0,0,0,0,0,0,0,0,0,0,0,0,0,0,0,0,2,0,0,0,0,0,0,35,0,0,0,0,0,0,1,7,0,0,0,0,0,4,0,0,0,7,0,0,1,0,7,0,0,0,0,0,0,0,0,0,0,0,0,0,5,0,0,0,0,87,0,0,0,0,0
87,0,0,0,0,0,0,0,0,1,0,0,9,0,10,0,0,0,0,0,0,0,0,0,0,0,0,0,0,0,0,0,0,0,0,0,0,0,0,0,5,0,0,0,0,0,0,29,0,0,0,0,0,0,1,7,0,0,1,0,0,0,0,0,0,1,0,0,5,0,4,0,0,0,0,0,0,0,0,0,0,0,0,0,26,0,2,0,0,58,0,0,0,0,0
88,0,0,0,0,0,0,0,0,0,0,0,3,0,0,0,0,0,0,0,0,0,0,0,0,0,0,0,0,0,0,0,0,0,0,0,0,0,0,0,0,0,0,0,0,0,0,20,0,0,0,0,0,0,0,12,0,0,0,0,0,0,0,0,0,0,0,0,10,0,14,0,0,0,0,0,0,0,0,0,0,0,0,0,324,0,0,0,0,54,0,0,0,0,0
89,0,0,0,0,0,0,0,0,0,0,0,0,0,0,0,0,0,0,0,0,0,0,0,0,0,0,0,0,0,0,0,0,0,0,0,0,0,0,0,1,0,0,0,0,0,0,19,0,0,0,0,0,0,1,19,0,0,0,0,0,0,0,0,0,4,0,0,0,0,2,0,0,0,0,0,0,0,0,0,0,0,0,0,256,0,0,0,0,2,0,0,0,0,0
90,0,0,0,0,0,0,0,0,0,0,0,0,0,0,0,0,0,0,0,0,0,0,0,0,0,0,0,0,0,0,0,0,0,0,0,0,0,0,0,0,0,0,0,0,0,0,20,0,0,0,0,0,0,0,130,0,0,0,0,0,0,0,0,0,2,0,0,0,0,17,0,0,0,0,0,0,0,0,0,0,0,0,0,10,0,0,0,0,39,0,0,0,0,0
91,0,0,0,0,0,0,0,0,0,0,0,0,0,0,0,0,0,0,0,0,0,0,0,0,0,0,0,0,0,0,0,0,0,0,0,0,0,0,0,0,0,0,0,0,0,0,11,0,0,0,0,0,0,1,37,0,0,0,0,0,1,0,0,0,0,0,0,0,0,1,0,0,0,0,0,0,0,0,0,0,0,0,0,5,0,0,0,0,2,0,0,0,0,0
92,0,0,0,0,0,0,0,0,0,0,0,0,0,4,0,0,0,0,0,0,0,0,0,0,0,0,0,0,1,0,0,0,0,0,0,0,0,0,0,3,0,0,0,0,0,0,176,0,0,0,0,0,0,0,38,0,0,0,0,0,0,0,0,0,9,0,0,0,0,9,0,0,0,0,0,0,0,0,0,0,0,0,0,29,0,0,0,0,18,0,0,0,0,0
93,0,0,0,0,0,0,0,0,0,0,0,4,0,0,0,0,0,0,0,0,0,0,0,0,0,0,0,0,0,0,0,0,0,0,0,0,0,0,0,0,0,0,0,0,0,0,114,0,0,0,0,0,0,1,76,0,0,0,0,0,0,0,0,0,0,0,0,0,0,4,0,0,0,0,0,0,0,0,0,0,0,0,0,15,0,0,0,0,72,0,0,0,0,0
94,0,0,0,0,0,0,0,0,6,0,0,2,0,0,0,0,0,3,0,0,0,0,0,0,0,0,0,0,1,0,0,0,0,0,0,0,0,0,0,3,0,0,0,0,0,0,16,0,0,0,0,0,0,0,29,0,0,0,2,0,0,0,0,0,8,0,0,1,0,11,0,0,0,0,0,0,0,0,0,0,0,0,0,60,0,0,0,0,4,0,0,0,0,0
95,0,0,0,0,0,0,0,0,3,0,0,14,0,0,0,0,0,1,0,0,0,0,0,0,0,0,0,0,0,0,0,0,0,0,0,0,0,0,0,2,0,0,0,0,0,0,38,0,0,0,0,0,0,48,18,0,0,0,0,0,3,0,0,0,6,0,0,0,0,2,0,0,0,0,0,0,0,0,1,0,0,0,0,60,0,0,0,4,7,0,0,0,0,0
96,0,0,0,0,0,0,0,0,0,0,0,0,0,0,0,0,0,0,0,0,0,0,0,0,0,0,0,0,0,0,0,0,0,0,0,0,0,0,0,7,0,0,0,0,0,0,38,0,0,0,0,0,0,22,90,0,0,2,1,0,2,0,0,0,12,0,0,1,0,13,0,0,0,0,0,0,0,0,0,0,0,0,0,132,0,0,0,0,49,0,0,0,0,0
97,0,0,0,0,0,0,0,0,0,0,0,0,0,0,0,0,0,0,0,0,0,0,0,0,0,0,0,0,0,0,0,0,0,0,0,0,0,0,0,0,0,0,0,0,0,0,40,0,0,0,0,0,0,8,41,0,0,0,0,0,1,0,0,0,0,0,0,0,0,5,0,0,0,0,0,0,0,0,0,0,0,0,0,13,0,0,0,0,1,0,0,0,0,0
98,0,0,0,0,0,0,0,0,0,0,0,12,0,6,0,0,0,0,0,0,0,0,0,0,0,0,0,0,0,0,0,0,0,0,0,0,0,0,0,0,0,0,0,0,0,0,4,0,0,0,0,0,0,6,133,0,0,0,0,0,0,0,0,0,1,0,0,6,0,16,0,0,0,0,0,0,0,0,0,0,0,0,0,35,0,1,0,0,70,0,0,0,0,0
99,0,0,0,0,0,0,0,0,0,0,0,13,0,1,0,0,0,0,0,0,0,0,0,0,0,0,0,0,0,0,0,0,0,0,0,0,0,0,0,2,0,0,0,0,0,0,0,0,0,0,0,0,0,0,182,0,0,0,0,0,0,0,0,0,0,0,0,0,0,46,0,0,0,0,0,0,0,0,0,0,0,0,0,1,0,0,0,0,82,0,0,0,0,0
100,0,0,0,0,0,0,0,0,0,0,0,21,0,0,0,0,0,0,0,0,0,0,0,0,0,0,0,0,1,0,0,0,0,0,0,0,0,0,0,1,0,0,0,0,0,0,39,0,0,0,0,0,0,6,155,0,0,0,0,0,3,0,0,0,11,0,0,0,0,33,0,0,0,0,0,0,0,0,0,0,0,0,0,256,0,0,0,3,13,0,0,0,0,0
101,0,0,0,0,0,0,0,0,0,0,0,14,0,0,0,0,0,0,0,0,0,0,0,0,0,0,0,0,0,0,0,0,0,0,0,0,0,0,0,0,0,0,0,0,0,0,0,0,0,0,0,0,0,119,54,0,0,0,0,0,0,0,0,0,0,0,0,0,0,16,0,0,0,0,0,0,0,0,0,0,0,0,0,1,0,0,0,0,71,0,0,0,0,0
102,0,0,0,0,0,0,0,0,0,0,0,2,0,0,0,0,0,0,0,0,0,0,0,0,0,0,0,0,0,0,0,0,0,0,0,0,0,0,0,1,0,0,0,0,0,0,82,0,0,0,0,0,0,0,57,0,0,0,0,0,0,0,0,0,13,0,0,0,0,9,0,0,0,0,0,0,0,0,0,0,0,0,0,62,0,0,0,0,18,0,0,0,0,0
103,0,0,0,0,0,0,0,0,0,0,0,21,0,0,0,0,0,0,0,0,0,0,0,0,0,0,0,0,0,0,0,0,0,0,0,0,0,0,0,1,0,0,0,0,0,0,0,0,0,0,0,0,0,619,76,0,0,0,0,0,0,0,0,0,2,0,0,0,0,54,0,0,0,0,0,0,0,0,0,0,0,0,0,647,0,0,0,0,109,0,0,0,0,0
104,0,0,0,0,0,0,0,0,0,0,0,0,0,0,0,0,0,0,0,0,0,0,0,0,0,0,0,0,0,0,0,0,0,0,0,0,0,0,0,0,0,0,0,0,0,0,0,0,0,0,0,0,0,35,73,0,0,0,0,0,2,0,0,0,0,0,0,5,0,1,0,0,0,0,0,0,0,0,0,0,0,0,0,952,0,0,0,0,10,0,0,0,0,0
105,0,0,0,0,0,0,0,0,1,0,0,0,0,0,0,0,0,1,0,0,0,0,0,0,0,0,0,0,0,0,0,0,0,0,0,0,0,0,0,0,0,0,0,0,0,0,21,0,0,0,0,0,0,23,54,0,0,1,0,0,0,0,0,0,4,0,0,0,0,3,0,0,0,0,0,0,0,0,3,0,0,0,0,22,0,0,0,1,3,0,0,0,0,0
106,0,0,0,0,0,0,0,0,0,0,0,4,0,0,0,0,0,2,0,0,0,0,0,0,0,0,0,0,0,0,0,0,0,0,0,0,0,0,0,10,0,0,0,0,0,0,17,0,0,0,0,1,0,15,3,0,0,0,0,0,3,0,0,0,10,0,0,12,0,0,0,0,0,0,0,0,0,0,0,0,0,0,0,39,0,0,0,2,12,0,0,0,0,0
107,0,0,0,0,0,0,0,0,0,0,0,3,0,0,0,0,0,0,0,0,0,0,0,0,0,0,0,0,0,0,0,0,0,0,0,0,0,0,0,0,0,0,0,0,0,0,21,0,0,0,0,0,0,4,3,0,0,0,0,0,0,0,0,0,0,0,0,0,0,1,0,0,0,0,0,0,0,0,0,0,0,0,0,5,0,0,0,2,4,0,0,0,0,0
108,0,0,0,0,0,0,0,0,1,0,0,0,0,0,0,0,0,0,0,0,0,0,0,0,0,0,0,0,0,0,0,0,0,0,0,0,0,0,0,0,0,0,0,0,0,0,120,0,0,0,0,0,0,0,62,0,0,0,0,0,0,0,0,0,0,0,0,0,0,3,0,0,0,0,0,0,0,0,0,0,0,0,0,221,0,0,0,0,4,0,0,0,0,0
109,0,0,0,0,0,0,0,0,0,0,0,11,0,1,0,0,0,2,0,0,0,0,0,0,0,0,0,0,0,0,0,0,0,0,0,0,0,0,0,2,0,0,0,0,0,0,42,0,0,0,0,0,0,70,42,0,0,0,0,0,0,0,0,0,2,0,0,10,0,0,0,0,0,0,0,0,0,0,0,0,0,0,0,25,0,0,0,1,6,0,0,0,0,0
110,0,0,0,0,0,0,0,0,0,0,0,0,0,0,0,0,0,0,0,0,0,0,0,0,0,0,0,0,0,0,0,0,0,0,0,0,0,0,0,0,0,0,0,0,0,0,0,0,0,0,0,0,0,0,14,0,0,0,0,0,0,0,0,0,0,0,0,0,0,12,0,0,0,0,0,0,0,0,0,0,0,0,0,30,0,0,0,0,56,0,0,0,0,0
111,0,0,0,0,0,0,0,0,0,0,0,6,0,1,0,0,0,0,0,0,0,0,0,0,0,0,0,0,3,0,0,0,0,0,0,0,0,0,0,2,0,0,0,0,0,0,69,0,0,0,0,4,0,2,104,0,0,0,1,0,3,0,0,0,5,0,0,7,0,7,0,0,0,0,0,0,0,0,0,0,0,0,0,154,0,1,0,25,39,0,0,0,0,0
112,0,0,0,0,0,0,0,0,0,0,0,2,0,0,0,0,0,0,0,0,0,0,0,0,0,0,0,0,1,0,0,0,0,0,0,0,0,0,0,2,0,0,0,0,0,0,7,0,0,0,2,0,0,22,0,0,0,0,0,0,3,0,0,0,13,0,0,1,0,1,0,0,0,0,0,0,0,0,0,0,0,0,0,21,0,0,0,0,23,0,0,2,0,0
113,0,0,0,0,0,0,0,0,0,0,0,2,0,0,0,0,0,0,0,0,0,0,0,0,0,0,0,0,1,0,0,0,0,0,0,0,0,0,0,3,0,0,0,0,0,0,29,0,0,0,0,0,0,3,12,0,0,1,2,0,3,0,0,0,7,0,0,2,0,0,0,0,0,0,0,0,0,0,0,0,0,0,0,13,0,1,0,8,7,0,0,0,0,0
114,0,0,0,0,0,0,0,0,0,0,0,9,0,0,0,0,0,0,0,0,0,0,0,0,0,0,0,0,1,0,0,0,0,0,0,0,0,0,0,2,0,0,0,0,0,0,32,0,0,0,0,0,0,41,12,0,0,0,0,0,3,0,0,0,8,0,0,0,0,3,0,0,0,0,0,0,0,0,0,0,0,0,0,228,0,0,0,0,4,0,0,0,0,0
115,0,0,0,0,0,0,0,0,0,0,0,1,0,1,0,0,0,0,0,0,0,0,0,0,0,0,0,0,1,0,0,0,0,0,0,0,0,0,0,0,0,0,0,0,0,0,85,0,0,0,0,0,0,0,28,0,0,0,0,0,0,0,0,0,1,0,0,0,0,12,0,0,0,0,0,0,0,0,0,0,0,0,0,16,0,0,0,0,12,0,0,0,0,0
116,0,0,0,0,0,0,0,0,0,0,0,1,0,0,0,0,0,0,0,0,0,0,0,0,0,0,0,0,0,0,0,0,0,0,0,0,0,0,0,0,0,0,0,0,0,0,60,0,0,0,0,0,0,3,29,0,0,0,0,0,0,0,0,0,0,0,0,0,0,2,0,0,0,0,0,0,0,0,0,0,0,0,0,126,0,0,0,0,2,0,0,0,0,0
117,0,0,0,0,0,0,0,0,0,0,0,0,0,0,0,0,0,0,0,0,0,0,0,0,0,0,0,0,0,0,0,0,0,0,0,0,0,0,0,0,0,0,0,0,0,0,1,0,0,0,0,0,0,0,3,0,0,0,0,0,0,0,0,0,0,0,0,0,0,14,0,0,0,0,0,0,0,0,0,0,0,0,0,985,0,0,0,0,22,0,0,0,0,0
118,0,0,0,0,0,0,0,0,2,0,0,3,0,0,0,0,0,0,0,0,0,0,0,0,0,0,0,0,1,0,0,0,0,0,0,0,0,0,0,0,0,0,0,0,0,0,25,0,0,0,0,1,0,1,13,0,0,0,0,0,2,0,0,0,10,0,0,0,0,5,0,0,0,0,0,0,0,0,1,0,0,0,0,45,0,0,0,4,7,0,0,0,0,0
119,0,0,0,0,0,0,0,0,0,0,0,0,0,0,0,0,0,0,0,0,0,0,0,0,0,0,0,0,2,0,0,0,0,0,0,0,0,0,0,0,0,0,0,0,0,0,0,0,0,0,0,0,0,1,8,0,0,0,0,0,0,0,0,0,0,0,0,0,0,3,0,0,0,0,0,0,0,0,0,0,0,0,0,3,0,0,0,0,0,0,0,0,0,0
120,0,0,0,0,0,0,0,0,0,0,0,0,0,0,0,0,0,0,0,0,0,0,0,0,0,0,0,0,0,0,1,0,0,0,0,0,0,0,0,0,0,0,0,0,0,0,14,0,0,0,0,0,0,1,14,0,0,0,0,0,1,0,0,0,0,0,0,0,0,3,0,0,0,0,0,0,0,0,0,0,0,0,0,3,0,3,0,0,18,0,0,0,0,0
121,1,0,40,5,0,0,2328,0,0,0,0,0,1,0,0,0,0,1,0,0,0,0,0,76,0,0,0,0,0,0,0,0,0,0,101,3,0,37,18,0,125,23,0,0,13,0,11,41,0,0,0,0,0,2,0,0,0,0,0,0,0,0,0,0,13,0,7,0,0,0,2,0,9,0,0,0,0,0,40,6,0,0,15,23,21,0,0,0,0,0,0,0,0,1
122,0,0,7,4,6,6,865,0,0,0,0,1,1,0,0,0,0,1,0,0,0,0,0,657,0,0,58,0,0,0,0,0,0,0,0,5,1,1,6,1,21,2,1,0,6,0,4,98,0,0,0,0,0,1,0,0,0,0,0,0,2,39,1,4,10,0,0,0,0,0,31,0,0,0,0,1,0,0,29,31,0,1,62,342,0,0,0,0,0,0,0,0,5,0
123,0,0,22,9,0,0,3856,0,0,0,0,4,2,0,0,0,0,0,0,0,0,0,0,183,2,0,1,5,0,0,0,0,0,0,12,0,0,6,11,0,251,2,8,0,0,0,1,1,0,0,1,1,0,2,0,0,0,0,1,0,1,2,0,0,24,0,0,0,0,3,0,0,64,1,0,0,0,0,106,4,0,0,1,667,0,0,0,0,0,0,0,1,0,0
124,0,0,1,0,0,0,692,1,0,0,0,2,0,0,0,0,0,0,0,0,0,0,0,63,1,0,1,0,0,0,0,0,3,0,27,0,0,0,0,2,85,4,9,0,0,0,0,107,0,0,2,0,0,2,0,0,0,0,0,0,0,0,0,0,38,0,1,0,0,0,6,0,0,0,0,0,0,0,38,19,0,0,1,73,0,0,0,0,0,0,0,0,0,0
125,0,0,0,0,0,0,124,0,0,0,0,1,0,0,0,0,0,1,0,0,0,0,0,283,13,0,0,0,0,0,0,0,0,0,2,0,0,25,0,0,66,16,2,0,15,0,0,334,0,0,1,1,1,5,0,0,0,0,0,0,0,0,0,0,16,0,0,0,0,0,0,0,49,0,0,0,0,0,65,13,0,0,10,202,0,0,0,0,0,0,0,0,0,0
126,4,0,66,10,158,3,2736,0,0,0,1,3,0,16,0,0,0,0,0,0,0,0,0,465,4,0,0,2,0,0,0,0,0,0,17,3,0,2,17,0,33,22,3,1,15,0,17,40,0,0,1,36,1,5,0,0,0,0,0,0,1,62,0,0,8,0,1,0,1,0,5,0,100,0,0,0,0,0,93,10,0,0,2,432,0,0,0,0,0,0,0,0,0,0
127,0,0,13,12,0,0,1100,0,0,0,0,9,0,10,0,0,0,0,0,0,0,0,0,428,4,0,11,4,0,0,0,0,0,0,22,2,0,0,14,1,84,5,5,0,9,0,3,18,0,0,0,0,0,0,0,0,0,0,2,0,0,9,0,6,10,0,0,0,0,0,0,0,100,0,0,0,0,0,9,20,0,0,2,464,0,0,0,0,0,0,0,0,0,0
128,0,0,663,0,17,0,7408,11,0,0,6,17,0,0,0,0,0,1,0,0,0,0,0,17,11,0,0,0,0,0,0,0,0,0,0,4,0,12,24,0,46,2,8,0,179,0,82,2,0,0,5,1,2,1,0,0,0,0,5,0,0,0,0,34,5,0,0,0,0,0,15,0,3,0,0,1,0,0,155,14,225,0,0,69,0,0,0,0,0,0,0,0,0,0
129,0,0,1,63,1,0,5456,0,0,0,0,1,0,16,0,0,0,2,0,0,0,0,0,1160,2,0,0,3,0,0,22,0,0,0,0,0,0,0,12,1,91,0,130,0,0,0,13,0,0,0,0,41,0,0,0,0,0,0,1,0,0,0,0,3,12,0,0,0,1,32,0,0,4,0,0,1,0,0,28,0,0,0,0,258,34,0,0,0,0,0,0,0,0,1
130,0,2,92,0,0,0,1013,7,0,0,8,9,0,11,0,0,0,8,0,0,0,0,0,21,0,0,0,15,0,0,0,0,0,0,26,10,0,0,11,0,2,101,83,0,3,0,184,0,0,0,1,0,0,7,0,0,0,0,0,0,1,0,0,14,2,0,0,0,5,0,250,0,2,0,0,0,0,0,32,0,18,2,0,11524,0,0,0,0,0,0,0,0,0,0
131,12,4,6,6,0,0,1440,0,0,0,0,0,0,0,0,0,0,0,0,0,0,0,0,32,0,0,0,0,0,0,0,0,0,0,102,0,0,3,296,0,54,28,9,0,27,0,79,9,0,0,0,0,0,2,0,0,0,0,0,0,0,0,0,0,0,0,4,0,0,0,1,0,1,4,0,0,0,0,17,11,0,1,15,47,2,0,0,0,0,0,0,0,0,0
132,10,0,20,0,37,11,2869,0,0,3,0,3,0,0,0,0,0,0,0,0,0,0,0,684,0,0,32,0,0,0,0,0,0,0,45,0,6,0,93,4,21,4,21,1,31,25,2,111,0,0,1,0,0,35,0,0,0,0,2,0,0,67,3,20,5,0,0,0,0,13,29,0,0,0,0,0,0,0,57,85,0,1,107,466,0,0,0,114,0,0,0,0,28,0
133,0,0,0,0,0,0,709,0,0,0,0,3,1,0,0,0,0,1,0,0,0,0,0,104,1,0,0,6,0,0,0,0,0,0,31,0,0,0,26,0,76,13,14,0,3,1,97,1,0,0,0,4,0,13,0,0,0,0,8,0,0,0,1,0,19,0,2,0,0,1,0,0,10,173,0,5,0,0,12,5,0,0,5,185,0,0,0,36,0,0,0,5,0,3
134,0,0,0,0,0,0,809,0,0,0,0,7,0,0,0,0,0,0,0,0,0,0,0,37,1,0,0,0,0,0,0,0,0,0,14,0,0,6,0,2,216,7,15,0,0,0,195,83,0,0,0,0,1,12,0,0,0,0,0,0,0,3,0,0,33,0,2,0,4,0,11,0,0,857,0,3,0,0,15,45,0,0,4,78,6,0,0,0,0,0,0,0,0,0
135,0,0,0,0,0,0,274,0,0,0,0,0,0,0,0,0,0,14,0,0,0,0,0,67,10,0,0,0,0,0,0,0,0,0,7,0,0,3,0,1,36,18,13,0,3,0,14,117,0,0,0,1,0,8,0,0,0,0,1,0,0,0,0,1,2,0,0,0,0,0,0,0,22,36,0,0,0,0,11,4,0,0,8,27,0,0,0,4,0,0,0,0,0,0
136,11,0,40,0,256,2,1009,0,0,1,0,3,0,0,0,0,0,0,0,0,0,0,0,475,1,0,1,6,0,0,0,0,0,0,57,0,0,4,31,0,18,283,33,1,25,0,53,3,0,0,0,38,1,6,0,0,0,0,3,0,2,41,2,0,1,0,123,0,0,0,1,0,26,3,0,0,0,0,38,21,0,3,2,160,0,0,0,4,0,0,0,0,0,0
137,1,5,11,4,0,0,629,0,0,0,0,5,1,1,0,0,0,5,0,0,0,0,0,561,7,0,14,16,0,0,0,0,0,0,50,0,0,0,44,5,66,13,28,0,20,13,168,17,0,0,0,0,0,9,0,0,0,0,1,0,2,28,3,0,6,0,0,0,0,0,15,0,15,239,0,0,0,0,28,62,0,1,8,44,0,0,0,35,0,0,0,2,0,2
138,0,0,0,0,1,0,2144,46,0,0,5,2,0,0,0,0,0,6,0,0,0,0,0,15,3,0,0,0,0,0,0,0,0,0,0,0,0,39,13,0,12,16,235,0,51,0,184,1,0,0,0,28,0,144,0,0,0,0,0,0,0,0,0,1,0,0,0,0,0,0,1,0,0,103,0,0,0,0,15,20,0,0,0,18,0,0,0,0,0,0,0,2,0,1
139,0,1,0,1,0,0,479,0,0,0,0,1,1,0,0,0,0,13,0,0,0,0,0,323,0,0,0,111,0,0,32,0,0,0,0,0,0,0,1,0,33,0,199,0,0,0,147,0,0,0,0,4,0,38,0,0,0,0,0,0,1,0,0,6,14,0,1,0,0,40,0,0,29,45,0,0,0,0,13,0,0,0,0,27,5,0,0,68,0,0,0,5,0,0
140,0,0,31,0,0,0,406,0,0,0,2,2,0,0,0,0,0,0,0,0,0,0,0,58,0,0,0,0,0,0,0,0,20,0,16,0,0,2,19,0,4,573,171,0,29,0,62,0,0,0,0,0,3,26,0,0,0,0,0,0,1,1,0,18,0,0,1,0,4,0,104,0,4,0,0,0,0,0,18,5,0,1,4,6,0,0,0,7,0,0,0,0,0,0
