Code,Altitude,pH,EC,Water_depth,Water_temp,Air_temp,DIC,CO2.C,DOC,TOC,Colour,X420nm_unfiltered,X420nm_filtered,Al,Ca,Fe,K,Mg,Mn,Na,S,Si,SiO2,Cl,SO4,NH4.N,NO3,NO2.NO3_N,Tot.N,Tot.P,LU.Forest.,LU.Deciduous_forest.,LU.Coniferous_forest.,LU.Mixed_forest.,LU.Transitional.,LU.Urban.,LU.Marsh.,LU.Agriculture.,LU.Water.,LU.Cutting_area.,Shading,sub..0.5S.,sub..0.5H.,sub.Sand.,sub.Fine_gravel.,sub.Coarse_gravel.,sub.Cobbles.,sub.Boulders.,sub.Bedrock.,Moss,Deadwood,CPOM
1,790,7.19,36.4,,,11.79,,,4.6,,,,,0.08,3.38,0.04,0.6,0.7,0,2.93,,,13.4,0.66,3.23,0.01,2.09,,,,,,,,,,,,,,-5.984979341,,,,,-11.51291546,-5.108322485,-11.51291546,,-5.514966007,-11.51291546,-11.51291546
2,982,6.5,16,,,3.08,,,2.280118872,,,,,0.12,1.24,0,0.32,0.28,0,1.06,,,6.9,0.4,3.6,0.08,1.2,,,,,,,,,,,,,,-5.984979341,,,,,-6.89681426,-5.291316833,-11.51291546,,-6.494154385,-6.89681426,-6.494154385
3,778,6.7,20,,,4.53,,,4.7,,,,,0.15,1.73,0.09,0.39,0.59,0,1.51,,,8.6,0.5,2.4,0.02,1.99,,,,,,,,,,,,,,-4.884001596,,,,,-11.51291546,-4.757987068,-11.51291546,,-6.89681426,-7.58060932,-11.51291546
4,1105,5.3,14,,,12.4,,,3.2,,,,,0.2,0.68,0.06,0.29,0.42,0.01,0.77,,,4.8,0.3,2,0.02,2.74,,,,,,,,,,,,,,-5.291316833,,,,,-6.207628475,-5.027904641,-11.51291546,,-6.494154385,-11.51291546,-11.51291546
5,791,6.6,17,,,14.54,,,5.4,,,,,0.15,1.29,0.1,0.38,0.6,0,1.21,,,6.6,0.5,1.8,0.02,2.48,,,,,,,,,,,,,,-4.594130431,,,,,-11.51291546,-11.51291546,-4.700389531,,-6.89681426,-11.51291546,-11.51291546
6,1098,6.65,30.8,,,10.91,,,2.12,,,,,0.06,2.45,0.04,0.72,0.69,0,1.48,,,6.75,0.51,1.75,0.01,11.6,,,,,,,,,,,,,,-11.51291546,,,,,-11.51291546,-4.884001596,-6.494154385,,-6.89681426,-11.51291546,-11.51291546
7,786,6.28,21.6,,,8.49,,,3.2,,,,,0.11,1.42,0.04,0.51,0.45,0,1.72,,,7.37,0.66,3.39,0.01,2.66,,,,,,,,,,,,,,-4.594130431,,,,,-11.51291546,-5.514966007,-6.494154385,,-5.396957971,-11.51291546,-11.51291546
8,799,6.7,18,,,9.55,,,3.1,,,,,0.12,1.37,0.04,0.36,0.39,0,1.66,,,8.8,0.6,2.2,0.02,1.81,,,,,,,,,,,,,,-5.291316833,,,,,-11.51291546,-4.884001596,-11.51291546,,-6.89681426,-7.58060932,-6.494154385
9,790,7.16,42.6,,,15.65,,,2.46,,,,,0.02,3.56,0.04,0.43,0.76,0,3.51,,,15.59,0.88,3.31,0.01,2.56,,,,,,,,,,,,,,-5.984979341,,,,,-11.51291546,-5.108322485,-11.51291546,,-5.514966007,-11.51291546,-11.51291546
10,982,6.7,17,,,15.9,,,2.837684716,,,,,0.11,1.36,0,0.22,0.32,0,1.68,,,9,0.6,3.4,0.04,0.7,,,,,,,,,,,,,,-5.984979341,,,,,-6.89681426,-5.291316833,-11.51291546,,-6.494154385,-6.89681426,-6.494154385
11,778,6.9,22,,,14.1,,,4,,,,,0.11,1.92,0.1,0.44,0.64,0,1.86,,,10,0.5,2,0.02,2.39,,,,,,,,,,,,,,-4.884001596,,,,,-11.51291546,-4.757987068,-11.51291546,,-6.89681426,-7.58060932,-11.51291546
12,1105,5,13,,,15.3,,,9.5,,,,,0.43,0.69,0.19,0.22,0.36,0.01,0.62,,,3.6,0.3,1.7,0.02,0.75,,,,,,,,,,,,,,-5.291316833,,,,,-6.207628475,-5.027904641,-11.51291546,,-6.494154385,-11.51291546,-11.51291546
13,791,6,15,,,17.33,,,14,,,,,0.37,1.43,0.32,0.4,0.61,0.01,1.02,,,5.4,0.4,1.3,0.02,1.24,,,,,,,,,,,,,,-4.594130431,,,,,-11.51291546,-11.51291546,-4.700389531,,-6.89681426,-11.51291546,-11.51291546
14,1098,6.53,30,,,10.73,,,5.29,,,,,0.13,2.29,0.07,0.2,0.64,0.01,2.19,,,6.89,0.9,1.54,0.01,7.67,,,,,,,,,,,,,,-11.51291546,,,,,-11.51291546,-4.884001596,-6.494154385,,-6.89681426,-11.51291546,-11.51291546
15,786,6.45,22.8,,,16.93,,,4.46,,,,,0.12,1.45,0.04,0.19,0.47,0,2.16,,,8.01,0.81,3.14,0.01,1.89,,,,,,,,,,,,,,-4.594130431,,,,,-11.51291546,-5.514966007,-6.494154385,,-5.396957971,-11.51291546,-11.51291546
16,799,6.7,19,,,15.67,,,5.1,,,,,0.15,1.48,0.09,0.44,0.43,0,1.91,,,9.7,0.6,1.9,0.02,2.08,,,,,,,,,,,,,,-5.291316833,,,,,-11.51291546,-4.884001596,-11.51291546,,-6.89681426,-7.58060932,-6.494154385
17,296,5.25,,,,,1.62,1.54,,10.86,,0.04,0.04,0.22,1.3,0.29,0.42,0.47,0,1.49,1.57,5.22,,0.02,0.08,,,0,0.26,0.02,-4.635314755,,,,,,-7.798962835,-11.51291546,-11.51291546,-11.51291546,-4.939137754,-11.51291546,-7.58060932,-6.802304489,-5.291316833,-6.562774466,-6.636437157,-7.401461099,-9.11493837,-7.401461099,-6.562774466,
18,306,4.3,,,,,2.42,2.41,,21.95,,0.08,0.08,0.34,1.64,0.68,0.48,0.58,0.01,1.47,2.36,5.58,,0.01,0.12,,,0,0.36,0.01,-4.87067313,,,,,,-6.636437157,-11.51291546,-11.51291546,-6.802304489,-4.897507372,-11.51291546,-9.11493837,-6.636437157,-5.620450992,-5.67764717,-6.494154385,-9.11493837,-11.51291546,-6.89681426,-7.117685751,
19,301,4.48,,,,,3.53,3.5,,25.26,,0.11,0.11,0.29,1.38,1.24,0.32,0.44,0.01,1.3,1.18,4.7,,0.01,0.05,,,0,0.42,0.01,-5.091719854,,,,,,-6.207628475,-11.51291546,-11.51291546,-6.312636719,-4.884001596,-11.51291546,-11.51291546,-7.58060932,-6.802304489,-5.64864308,-5.311579301,-11.51291546,-11.51291546,-6.636437157,-11.51291546,
20,292,4.99,,,,,2.72,2.63,,22.91,,0.14,0.13,0.14,1.24,2.04,0.29,0.36,0.01,0.78,0.49,2.94,,0.01,0.02,,,0,0.45,0.01,-5.311579301,,,,,,-5.41948088,-11.51291546,-7.58060932,-8.468212057,-5.159829971,-11.51291546,-11.51291546,-11.51291546,-11.51291546,-6.15897505,-4.911195276,-7.401461099,-11.51291546,-5.4425181,-8.078647573,
21,278,4.63,,,,,1.58,1.57,,11.31,,0.03,0.02,0.31,0.98,0.18,0.12,0.4,0,1.36,1.7,4.38,,0.02,0.1,,,0,0.22,0.01,-4.594130431,,,,,,-11.51291546,-11.51291546,-11.51291546,-11.51291546,-4.967871767,-11.51291546,-11.51291546,-7.58060932,-5.353366296,-5.566328837,-6.89681426,-11.51291546,-11.51291546,-6.802304489,-11.51291546,
22,270,4.42,,,,,2.88,2.86,,23.92,,0.11,0.1,0.12,0.8,0.96,0.25,0.32,0,0.98,0.8,3.31,,0.01,0.04,,,0.02,0.43,0.01,-5.012559785,,,,,,-5.67764717,-11.51291546,-11.51291546,-11.51291546,-4.925070328,-11.51291546,-11.51291546,-9.11493837,-5.738289181,-5.4425181,-6.025735588,-11.51291546,-11.51291546,-6.068215042,-11.51291546,
23,245,5.6,,,,,2.13,1.92,,12.44,,0.02,0.02,0.43,2.29,0.25,0.21,0.65,0.01,1.76,2.31,6.67,,0.01,0.13,,,0.01,0.25,0.02,-4.624861723,,,,,,-8.078647573,-11.51291546,-11.51291546,-11.51291546,-4.925070328,-11.51291546,-11.51291546,-6.89681426,-5.593026524,-6.89681426,-7.798962835,-5.540320268,-11.51291546,-11.51291546,-6.429929711,
24,227,5.35,,,,,2.25,2.12,,18.86,,0.04,0.04,0.63,2.41,0.49,0.3,0.59,0.04,1.68,1.7,6.93,,0.02,0.09,,,0.02,0.39,0.01,-4.667332745,,,,,,-7.249555068,-11.51291546,-11.51291546,-11.51291546,-4.939137754,-6.15897505,-5.374926812,-7.249555068,-6.207628475,-7.58060932,-9.11493837,-11.51291546,-11.51291546,-11.51291546,-6.369570362,
25,286,4.59,,,,,1.49,1.48,,16.47,,0.06,0.06,0.33,1.48,0.51,0.44,0.51,0.01,1.49,1.88,5.41,,0.01,0.09,,,0.03,0.31,0.01,-4.769908387,,,,,,-7.001175343,-11.51291546,-11.51291546,-7.401461099,-4.939137754,-11.51291546,-5.41948088,-6.89681426,-5.738289181,-8.468212057,-6.89681426,-11.51291546,-8.468212057,-7.117685751,-9.11493837,
26,194,5.59,,,,,1.45,1.32,,15.4,,0.07,0.06,0.26,2.05,0.97,0.4,0.63,0.02,1.52,1.57,5.4,,0.02,0.08,,,0.01,0.32,0.01,-4.819042402,,,,,,-6.312636719,-11.51291546,-8.468212057,-9.11493837,-5.232859365,-11.51291546,-11.51291546,-6.802304489,-5.540320268,-5.770037705,-7.798962835,-6.715944046,-8.078647573,-7.249555068,-6.207628475,
27,232,5.33,,,,,1.38,1.3,,17.29,,0.09,0.08,0.22,1.65,1.2,0.32,0.55,0.01,1.25,1.27,4.52,,0.02,0.07,,,0.06,0.32,0.01,-4.911195276,,,,,,-6.025735588,-11.51291546,-8.468212057,-9.11493837,-4.982549973,-11.51291546,-11.51291546,-5.593026524,-5.25197187,-7.001175343,-9.11493837,-9.11493837,-11.51291546,-11.51291546,-5.25197187,
28,253,4.76,,,,,1.2,1.19,,19.36,,0.08,0.07,0.28,1.52,0.85,0.25,0.52,0.01,1.34,1.53,4.78,,0.01,0.08,,,0.02,0.36,0.01,-4.723038957,,,,,,-6.715944046,-11.51291546,-11.51291546,-11.51291546,-4.925070328,-11.51291546,-11.51291546,-7.249555068,-5.41948088,-5.593026524,-6.802304489,-9.11493837,-11.51291546,-6.494154385,-7.249555068,
29,217,5.9,,,,,1.93,1.59,,12.46,,0.02,0.02,0.45,3.14,0.26,0.33,0.77,0.02,1.92,2.69,7.67,,0.02,0.14,,,0.05,0.3,0.01,-4.65654794,,,,,,-7.401461099,-11.51291546,-11.51291546,-11.51291546,-4.806534485,-8.468212057,-11.51291546,-7.58060932,-5.64864308,-5.836707945,-6.369570362,-8.078647573,-11.51291546,-9.11493837,-6.429929711,
30,187,5.48,,,,,1.86,1.72,,17,,0.07,0.06,0.3,2.02,0.96,0.41,0.67,0.03,1.46,1.52,5.21,,0.01,0.07,,,0.07,0.34,0.01,-4.757987068,,,,,,-6.802304489,-11.51291546,-9.11493837,-8.078647573,-5.64864308,-11.51291546,-11.51291546,-11.51291546,-7.798962835,-6.207628475,-4.87067313,-11.51291546,-11.51291546,-7.001175343,-11.51291546,
31,268,4.67,,,,,1.74,1.72,,21.35,,0.09,0.09,0.36,1.61,1.03,0.39,0.52,0.01,1.41,1.54,5.26,,0.01,0.07,,,0,0.38,0.02,-4.911195276,,,,,,-6.494154385,-11.51291546,-11.51291546,-6.715944046,-5.984979341,-11.51291546,-11.51291546,-5.514966007,-5.332256645,-6.802304489,-9.11493837,-11.51291546,-11.51291546,-7.798962835,-6.636437157,
32,284,5.28,,,,,1.47,1.4,,11.01,,0.04,0.04,0.23,1.35,0.28,0.42,0.48,0,1.52,1.57,5.33,,0.01,0.08,,,0,0.21,0.01,-4.635314755,,,,,,-7.798962835,-11.51291546,-11.51291546,-11.51291546,-5.075385114,-11.51291546,-5.159829971,-6.636437157,-5.945811621,-11.51291546,-8.078647573,-9.11493837,-11.51291546,-11.51291546,-6.89681426,
33,298,4.27,,,,,1.64,1.63,,24.04,,0.09,0.09,0.45,1.66,0.83,0.46,0.57,0.01,1.4,2.29,5.53,,0.01,0.11,,,0.02,0.42,0.02,-4.844529789,,,,,,-6.715944046,-11.51291546,-11.51291546,-6.89681426,-4.884001596,-11.51291546,-6.89681426,-7.798962835,-6.715944046,-6.025735588,-5.4425181,-7.249555068,-11.51291546,-5.738289181,-11.51291546,
34,194,5.45,,,,,1.32,1.23,,16.06,,0.08,0.07,0.23,1.78,1.11,0.33,0.58,0.02,1.35,1.33,4.88,,0.01,0.07,,,0.01,0.3,0.01,-4.87067313,,,,,,-6.15897505,-11.51291546,-8.468212057,-9.11493837,-5.159829971,-11.51291546,-11.51291546,-5.41948088,-5.540320268,-8.078647573,-8.078647573,-6.89681426,-9.11493837,-9.11493837,-5.593026524,
35,196,6.02,,,,,1.96,1.53,,11.7,,0.02,0.02,0.43,3.3,0.3,0.35,0.84,0.02,1.97,2.71,7.88,,0.02,0.14,,,0.04,0.28,0,-4.645876065,,,,,,-7.401461099,-11.51291546,-11.51291546,-11.51291546,-5.374926812,-6.429929711,-11.51291546,-5.466093781,-6.068215042,-6.312636719,-11.51291546,-9.11493837,-11.51291546,-9.11493837,-6.494154385,
36,233,5.56,,,,,1.47,1.34,,20.25,,0.09,0.08,0.19,1.65,1.29,0.35,0.55,0.01,1.18,1.1,4.31,,0.01,0.06,,,0.01,1.19,0.01,-4.99744382,,,,,,-5.836707945,-11.51291546,-8.078647573,-9.11493837,-4.884001596,-7.401461099,-11.51291546,-5.25197187,-5.514966007,-11.51291546,-8.468212057,-11.51291546,-11.51291546,-11.51291546,-6.15897505,
37,234,4.86,,,,,1.15,1.13,,18.86,,0.08,0.07,0.3,1.62,0.89,0.24,0.55,0.01,1.37,1.62,4.87,,0.01,0.09,,,0.02,0.37,0.01,-4.723038957,,,,,,-6.715944046,-11.51291546,-11.51291546,-11.51291546,-4.884001596,-11.51291546,-11.51291546,-6.068215042,-5.332256645,-5.984979341,-7.798962835,-11.51291546,-11.51291546,-11.51291546,-7.401461099,
38,260,4.76,,,,,2.3,2.27,,14.13,,0.04,0.04,0.42,1.38,0.41,0,0.51,0,1.51,1.87,5.14,,0.02,0.1,,,0,0.25,0.01,-4.594130431,,,,,,-11.51291546,-11.51291546,-11.51291546,-11.51291546,-4.897507372,-11.51291546,-6.715944046,-6.207628475,-5.195685494,-6.802304489,-8.468212057,-11.51291546,-11.51291546,-9.11493837,-7.117685751,
39,258,7.72,,,,,1.11,0.08,,21.75,,0.09,0.09,0.22,1.5,0.98,0.3,0.5,0.01,1.22,1.38,4.5,,0.02,0.07,,,0.03,0.43,0.01,-4.819042402,,,,,,-6.207628475,-11.51291546,-11.51291546,-11.51291546,-4.87067313,-11.51291546,-11.51291546,-7.401461099,-5.396957971,-5.490233815,-7.117685751,-11.51291546,-11.51291546,-7.001175343,-6.715944046,
40,222,5.74,,,,,1.76,1.54,,11.15,,0.02,0.01,0.4,2.9,0.22,0.34,0.74,0.02,1.95,2.77,7.69,,0.02,0.15,,,0.02,0.25,0.01,-4.645876065,,,,,,-7.58060932,-11.51291546,-11.51291546,-11.51291546,-4.831706181,-11.51291546,-11.51291546,-6.025735588,-5.25197187,-6.207628475,-9.11493837,-8.078647573,-11.51291546,-8.078647573,-7.58060932,
41,208,5.44,,,,,3.25,3.02,,17.07,,0.04,0.03,0.57,2.6,0.46,0.28,0.63,0.03,1.72,1.99,7.15,,0.02,0.11,,,0.01,0.37,0.01,-4.667332745,,,,,,-7.249555068,-11.51291546,-11.51291546,-11.51291546,-4.831706181,-6.112570272,-5.195685494,-6.429929711,-7.58060932,-8.468212057,-11.51291546,-11.51291546,-11.51291546,-11.51291546,-6.15897505,
42,195,5.01,,,,,1.21,1.18,,26.39,,0.11,0.1,0.3,1.78,1.02,0.25,0.57,0.01,1.19,1.12,4.19,,0.01,0.05,,,0,0.43,0.01,-4.769908387,,,,,,-6.89681426,-11.51291546,-11.51291546,-7.401461099,-5.012559785,-11.51291546,-11.51291546,-9.11493837,-6.429929711,-5.871776825,-5.374926812,-7.001175343,-11.51291546,-5.871776825,-5.984979341,
43,174,5.6,,,,,1.43,1.28,,18.43,,0.08,0.07,0.2,1.75,0.85,0.27,0.56,0.02,1.16,1.18,4.29,,0.01,0.07,,,0.01,0.34,0.01,-4.781971093,,,,,,-6.494154385,-11.51291546,-9.11493837,-9.11493837,-4.857517345,-11.51291546,-11.51291546,-6.494154385,-6.15897505,-6.89681426,-5.271452838,-8.078647573,-11.51291546,-5.945811621,-6.494154385,
44,278,4.9,,,,,1.87,1.83,,15.79,,0.06,0.06,0.34,1.66,0.6,0.44,0.55,0.01,1.46,1.77,5.38,,0.01,0.09,,,0.04,0.3,0.01,-4.711651263,,,,,,-7.249555068,-11.51291546,-11.51291546,-7.58060932,-5.466093781,-11.51291546,-6.562774466,-5.64864308,-5.871776825,-7.58060932,-6.369570362,-11.51291546,-9.11493837,-7.117685751,-6.715944046,
45,285,4.5,,,,,1.34,1.33,,27.8,,0.13,0.13,0.36,1.5,1.55,0.29,0.46,0.01,1.31,1.14,4.82,,0.01,0.05,,,0,0.46,0.01,-5.075385114,,,,,,-6.15897505,-11.51291546,-11.51291546,-6.369570362,-5.125201999,-11.51291546,-11.51291546,-5.836707945,-5.214101571,-6.494154385,-8.468212057,-11.51291546,-11.51291546,-5.984979341,-6.802304489,
46,253,5.76,,,,,2.24,1.95,,16.85,,0.04,0.04,0.53,2.16,0.26,0.39,0.74,0,1.45,1.55,5.4,,0.01,0.08,,,0,0.33,0,-4.594130431,,,,,,-11.51291546,-11.51291546,-11.51291546,-11.51291546,-4.884001596,-11.51291546,-5.770037705,-7.798962835,-5.593026524,-6.15897505,-7.249555068,-11.51291546,-11.51291546,-7.58060932,-7.001175343,
47,299,4.54,,,,,2.91,2.89,,25.45,,0.09,0.09,0.5,1.04,0.54,0.15,0.44,0.02,1.2,0.96,4.61,,0.01,0.05,,,0,0.42,0.01,-4.953403005,,,,,,-7.798962835,-11.51291546,-11.51291546,-5.945811621,-4.925070328,-11.51291546,-5.540320268,-7.001175343,-5.836707945,-6.494154385,-7.117685751,-11.51291546,-11.51291546,-11.51291546,-9.11493837,
48,275,5.23,,,,,1.25,1.19,,16.71,,0.05,0.05,0.28,1.48,0.19,0.35,0.62,0.01,1.41,1.5,4.6,,0.02,0.08,,,0.01,0.32,0.01,-4.939137754,,,,,,-7.798962835,-11.51291546,-11.51291546,-5.984979341,-4.967871767,-11.51291546,-9.11493837,-8.468212057,-5.707511605,-5.332256645,-6.429929711,-11.51291546,-11.51291546,-6.312636719,-11.51291546,
49,282,4.49,,,,,1.62,1.61,,21.57,,0.07,0.07,0.44,1.04,0.58,0.12,0.5,0.01,1.33,1.42,4.6,,0.02,0.08,,,0,0.39,0.01,-4.594130431,,,,,,-11.51291546,-11.51291546,-11.51291546,-11.51291546,-4.982549973,-11.51291546,-5.159829971,-11.51291546,-6.429929711,-6.112570272,-7.58060932,-11.51291546,-11.51291546,-7.249555068,-11.51291546,
50,270,4.76,,,,,1.55,1.52,,21.03,,0.07,0.07,0.47,1.22,1.07,0.14,0.55,0.01,1.39,1.46,5.25,,0.02,0.08,,,0,0.32,0.01,-4.594130431,,,,,,-11.51291546,-11.51291546,-11.51291546,-11.51291546,-4.897507372,-11.51291546,-11.51291546,-7.798962835,-6.112570272,-5.64864308,-7.58060932,-5.67764717,-11.51291546,-11.51291546,-11.51291546,
51,295,4.28,,,,,1.89,1.88,,17.66,,0.07,0.06,0.06,0.7,0.76,0.36,0.33,0,0.71,1.39,2.79,,0.01,0.08,,,0,0.33,0.01,-5.311579301,,,,,,-5.41948088,-11.51291546,-11.51291546,-7.249555068,-5.4425181,-11.51291546,-4.594130431,-11.51291546,-11.51291546,-11.51291546,-11.51291546,-11.51291546,-11.51291546,-11.51291546,-7.401461099,
52,295,4.86,,,,,3.42,3.35,,19.94,,0.08,0.08,0.11,1.33,0.68,0.25,0.35,0.01,0.94,0.78,3.24,,0.01,0.04,,,0,0.34,0.01,-5.027904641,,,,,,-5.836707945,-11.51291546,-11.51291546,-7.401461099,-5.593026524,-11.51291546,-7.58060932,-7.401461099,-5.945811621,-5.802820655,-6.112570272,-6.89681426,-9.11493837,-6.025735588,-5.332256645,
53,276,4.9,,,,,1.75,1.72,,19.84,,0.08,0.08,0.14,1.39,0.77,0.26,0.38,0.01,0.99,0.89,3.4,,0.01,0.04,,,0,0.34,0.01,-4.99744382,,,,,,-5.871776825,-11.51291546,-11.51291546,-7.401461099,-5.291316833,-11.51291546,-11.51291546,-11.51291546,-7.58060932,-5.836707945,-5.091719854,-7.58060932,-11.51291546,-5.214101571,-8.078647573,
54,189,5.48,,,,,2.89,2.68,,21.93,,0.09,0.07,0.36,2.55,1.1,0.43,0.78,0.04,1.35,1.61,4.39,,0.02,0.08,,,0.02,0.52,0.02,-4.819042402,,,,,,-6.494154385,-9.11493837,-11.51291546,-7.798962835,-5.871776825,-4.953403005,-11.51291546,-6.89681426,-6.207628475,-11.51291546,-11.51291546,-11.51291546,-11.51291546,-11.51291546,-11.51291546,
55,192,5.14,,,,,1.39,1.34,,18.24,,0.08,0.07,0.28,1.67,0.89,0.26,0.53,0.02,1.13,1.33,4.13,,0.01,0.07,,,0,0.33,0.01,-4.819042402,,,,,,-6.369570362,-11.51291546,-11.51291546,-8.078647573,-5.195685494,-5.908112946,-11.51291546,-6.715944046,-5.195685494,-7.401461099,-11.51291546,-11.51291546,-11.51291546,-11.51291546,-5.177598841,
56,268,5.14,,,,,1.13,1.09,,22.16,,0.07,0.07,0.46,1.82,0.85,0.27,0.76,0.01,1.53,1.68,5.47,,0.02,0.1,,,0,0.36,0.01,-4.68925098,,,,,,-9.11493837,-11.51291546,-11.51291546,-7.249555068,-4.857517345,-11.51291546,-11.51291546,-7.58060932,-5.707511605,-5.353366296,-6.562774466,-9.11493837,-11.51291546,-7.249555068,-5.984979341,
57,188,5.39,,,,,2.49,2.33,,22.03,,0.11,0.08,0.34,2.28,1.13,0.4,0.71,0.04,1.27,1.49,4.2,,0.02,0.08,,,0.02,0.48,0.02,-4.831706181,,,,,,-6.369570362,-9.11493837,-11.51291546,-8.078647573,-5.67764717,-4.953403005,-11.51291546,-6.89681426,-6.207628475,-11.51291546,-11.51291546,-11.51291546,-11.51291546,-11.51291546,-11.51291546,
58,276,4.35,,,,,1.92,1.91,,16.48,,0.06,0.06,0.37,1.23,1.02,0.22,0.46,0.01,0.83,2.1,3.2,,0.01,0.11,,,0,0.3,0.01,-5.043485474,,,,,,-5.707511605,-11.51291546,-11.51291546,-8.078647573,-5.25197187,-11.51291546,-5.075385114,-8.078647573,-7.249555068,-6.312636719,-7.001175343,-11.51291546,-9.11493837,-8.078647573,-7.001175343,
59,275,4.93,,,,,1.59,1.55,,20.27,,0.08,0.08,0.12,1.38,0.73,0.25,0.37,0.01,0.98,0.81,3.37,,0.01,0.04,,,0,0.35,0.01,-4.99744382,,,,,,-5.908112946,-11.51291546,-11.51291546,-7.401461099,-5.232859365,-11.51291546,-11.51291546,-11.51291546,-6.312636719,-6.802304489,-5.232859365,-6.369570362,-9.11493837,-4.982549973,-7.117685751,
60,189,5.8,,,,,5.9,5.07,,20.72,,0.06,0.05,0.43,3.95,0.86,0.64,1.13,0.05,1.68,2.14,5.29,,0.03,0.11,,,0.08,0.68,0.02,-4.700389531,,,,,,-9.11493837,-8.078647573,-11.51291546,-7.249555068,-6.636437157,-4.953403005,-11.51291546,-6.89681426,-6.207628475,-11.51291546,-11.51291546,-11.51291546,-11.51291546,-11.51291546,-11.51291546,
61,229,5.08,,,,,1.05,1.02,,18.82,,0.08,0.07,0.24,1.62,0.98,0.27,0.5,0.01,1.08,1.24,3.92,,0.01,0.06,,,0,0.34,0.01,-4.857517345,,,,,,-6.207628475,-11.51291546,-11.51291546,-8.078647573,-5.075385114,-5.984979341,-11.51291546,-6.025735588,-5.271452838,-11.51291546,-11.51291546,-11.51291546,-11.51291546,-11.51291546,-4.564297654,
62,200,5.38,,,,,1.28,1.2,,19.57,,0.06,0.05,0.55,2.12,0.53,0.25,0.75,0.03,1.47,1.84,5.46,,0.02,0.1,,,0.05,0.39,0.01,-4.645876065,,,,,,-9.11493837,-11.51291546,-11.51291546,-7.58060932,-5.159829971,-6.312636719,-11.51291546,-6.258760144,-5.4425181,-6.207628475,-11.51291546,-11.51291546,-11.51291546,-11.51291546,-4.470713756,
63,262,5.25,,,,,1.3,1.24,,20.47,,0.06,0.05,0.5,1.54,1.02,0.21,0.61,0.02,1.47,1.32,5.66,,0.01,0.07,,,0,0.35,0.01,-4.594130431,,,,,,-11.51291546,-11.51291546,-11.51291546,-11.51291546,-5.012559785,-11.51291546,-11.51291546,-6.562774466,-5.871776825,-5.540320268,-6.312636719,-9.11493837,-11.51291546,-6.802304489,-6.369570362,
64,258,5.06,,,,,1.1,1.07,,22.13,,0.08,0.08,0.42,1.89,0.68,0.31,0.8,0.01,1.47,1.83,5.15,,0.02,0.11,,,0,0.37,0.01,-4.794178609,,,,,,-8.078647573,-11.51291546,-11.51291546,-6.494154385,-4.939137754,-11.51291546,-8.468212057,-8.468212057,-5.142367847,-5.738289181,-7.401461099,-11.51291546,-11.51291546,-7.401461099,-6.802304489,
65,287,4.3,,,,,1.97,1.96,,25.08,,0.11,0.1,0.21,0.94,1.68,0.13,0.34,0.01,0.64,1.12,2.3,,0.01,0.06,,,0.01,0.4,0.01,-4.897507372,,,,,,-5.945811621,-11.51291546,-11.51291546,-11.51291546,-5.043485474,-11.51291546,-6.494154385,-7.58060932,-6.207628475,-5.707511605,-5.908112946,-11.51291546,-11.51291546,-8.078647573,-6.369570362,
66,270,4.77,,,,,1.28,1.26,,20.15,,0.08,0.08,0.17,1.33,0.89,0.24,0.37,0.01,0.91,1.02,3.21,,0.01,0.06,,,0,0.33,0,-4.982549973,,,,,,-5.908112946,-11.51291546,-11.51291546,-7.58060932,-4.99744382,-11.51291546,-11.51291546,-9.11493837,-6.112570272,-8.078647573,-5.195685494,-6.494154385,-7.798962835,-5.291316833,-6.15897505,
67,277,4.31,,,,,1.18,1.17,,23.54,,0.11,0.1,0.22,0.98,1.57,0.14,0.36,0.01,0.7,1.28,2.5,,0.01,0.07,,,0.01,0.38,0.01,-4.806534485,,,,,,-6.258760144,-11.51291546,-11.51291546,-11.51291546,-5.091719854,-11.51291546,-11.51291546,-6.429929711,-6.15897505,-6.068215042,-5.620450992,-8.468212057,-8.468212057,-6.494154385,-7.001175343,
68,274,4.87,,,,,1.27,1.24,,19.74,,0.08,0.08,0.15,1.38,0.76,0.22,0.38,0.01,0.93,0.95,3.28,,0.01,0.05,,,0,0.33,0.01,-4.99744382,,,,,,-5.908112946,-11.51291546,-11.51291546,-7.401461099,-5.091719854,-11.51291546,-11.51291546,-9.11493837,-5.67764717,-8.468212057,-5.353366296,-6.429929711,-11.51291546,-5.41948088,-5.984979341,
69,296,5.01,,,,,1.37,2.23,,33.07,,0.18,0.17,0.4,2.36,1.18,0.46,0.74,0.01,1.5,1.07,5.47,,0.03,0.05,,,0.01,0.5,0.02,-4.635314755,,,,,,-7.798962835,-11.51291546,-11.51291546,-11.51291546,-4.939137754,-11.51291546,-7.58060932,-6.802304489,-5.291316833,-6.562774466,-6.636437157,-7.401461099,-9.11493837,-7.401461099,-6.562774466,
70,306,4.38,,,,,1.2,2.27,,46.61,,0.23,0.2,0.49,2.06,2.07,0.45,0.73,0.01,1.5,1.3,5.8,,0.03,0.06,,,0.01,0.67,0.02,-4.87067313,,,,,,-6.636437157,-11.51291546,-11.51291546,-6.802304489,-4.897507372,-11.51291546,-9.11493837,-6.636437157,-5.620450992,-5.67764717,-6.494154385,-9.11493837,-11.51291546,-6.89681426,-7.117685751,
71,301,4.76,,,,,1.3,4.84,,31.63,,0.18,0.17,0.29,1.62,1.69,0.41,0.49,0.01,1.59,0.89,6.38,,0.03,0.04,,,0.01,0.54,0.02,-5.091719854,,,,,,-6.207628475,-11.51291546,-11.51291546,-6.312636719,-4.884001596,-11.51291546,-11.51291546,-7.58060932,-6.802304489,-5.64864308,-5.311579301,-11.51291546,-11.51291546,-6.636437157,-11.51291546,
72,292,5.1,,,,,1.39,1.73,,25.25,,0.18,0.15,0.12,1.38,2.1,0.21,0.39,0.01,0.79,0.45,2.71,,0.03,0.02,,,0.02,0.51,0.03,-5.311579301,,,,,,-5.41948088,-11.51291546,-7.58060932,-8.468212057,-5.159829971,-11.51291546,-11.51291546,-11.51291546,-11.51291546,-6.15897505,-4.911195276,-7.401461099,-11.51291546,-5.4425181,-8.078647573,
73,278,4.58,,,,,1.25,2.95,,33.38,,0.14,0.13,0.68,1.65,1.09,0.14,0.73,0.01,1.52,1.31,4.72,,0.03,0.07,,,0,0.61,0.03,-4.594130431,,,,,,-11.51291546,-11.51291546,-11.51291546,-11.51291546,-4.967871767,-11.51291546,-11.51291546,-7.58060932,-5.353366296,-5.566328837,-6.89681426,-11.51291546,-11.51291546,-6.802304489,-11.51291546,
74,270,4.25,,,,,1.16,2.36,,42.5,,0.22,0.19,0.1,1.44,1.77,0.09,0.54,0.01,0.86,0.49,2.59,,0.03,0.02,,,0.01,0.59,0.01,-5.012559785,,,,,,-5.67764717,-11.51291546,-11.51291546,-11.51291546,-4.925070328,-11.51291546,-11.51291546,-9.11493837,-5.738289181,-5.4425181,-6.025735588,-11.51291546,-11.51291546,-6.068215042,-11.51291546,
75,245,6.02,,,,,1.64,2.66,,15.52,,0.07,0.06,0.44,2.51,0.77,0.33,0.75,0.02,1.87,1.85,7.8,,0.03,0.1,,,0,0.3,0.02,-4.624861723,,,,,,-8.078647573,-11.51291546,-11.51291546,-11.51291546,-4.925070328,-11.51291546,-11.51291546,-6.89681426,-5.593026524,-6.89681426,-7.798962835,-5.540320268,-11.51291546,-11.51291546,-6.429929711,
76,227,5.79,,,,,1.58,2.29,,26.25,,0.11,0.09,0.71,2.59,1.34,0.42,0.65,0.08,1.65,1.1,7.79,,0.04,0.06,,,0.02,0.67,0.1,-4.667332745,,,,,,-7.249555068,-11.51291546,-11.51291546,-11.51291546,-4.939137754,-6.15897505,-5.374926812,-7.249555068,-6.207628475,-7.58060932,-9.11493837,-11.51291546,-11.51291546,-11.51291546,-6.369570362,
77,286,4.73,,,,,1.29,2.96,,42.72,,0.22,0.19,0.49,2.27,1.86,0.48,0.76,0.01,1.53,1.17,5.81,,0.03,0.05,,,0,0.64,0.02,-4.769908387,,,,,,-7.001175343,-11.51291546,-11.51291546,-7.401461099,-4.939137754,-11.51291546,-5.41948088,-6.89681426,-5.738289181,-8.468212057,-6.89681426,-11.51291546,-8.468212057,-7.117685751,-9.11493837,
78,194,6.09,,,,,1.66,1.8,,19.11,,0.12,0.1,0.2,2.58,0.9,0.43,0.83,0.02,1.59,1.2,5.85,,0.03,0.07,,,0.01,0.34,0.01,-4.819042402,,,,,,-6.312636719,-11.51291546,-8.468212057,-9.11493837,-5.232859365,-11.51291546,-11.51291546,-6.802304489,-5.540320268,-5.770037705,-7.798962835,-6.715944046,-8.078647573,-7.249555068,-6.207628475,
79,232,5.92,,,,,1.62,1.4,,22.49,,0.14,0.12,0.2,2.18,1.28,0.4,0.72,0.02,1.35,0.98,5.07,,0.03,0.05,,,0.01,0.37,0.01,-4.911195276,,,,,,-6.025735588,-11.51291546,-8.468212057,-9.11493837,-4.982549973,-11.51291546,-11.51291546,-5.593026524,-5.25197187,-7.001175343,-9.11493837,-9.11493837,-11.51291546,-11.51291546,-5.25197187,
80,253,5.14,,,,,1.4,1.49,,29.34,,0.16,0.16,0.26,2.09,1.94,0.33,0.74,0.02,1.45,1.14,5.37,,0.03,0.06,,,0,0.41,0.02,-4.723038957,,,,,,-6.715944046,-11.51291546,-11.51291546,-11.51291546,-4.925070328,-11.51291546,-11.51291546,-7.249555068,-5.41948088,-5.593026524,-6.802304489,-9.11493837,-11.51291546,-6.494154385,-7.249555068,
81,217,6.28,,,,,1.71,1.94,,14.63,,0.07,0.04,0.38,3.21,0.86,0.49,0.84,0.04,1.93,1.88,7.94,,0.03,0.11,,,0.02,0.37,0.01,-4.65654794,,,,,,-7.401461099,-11.51291546,-11.51291546,-11.51291546,-4.806534485,-8.468212057,-11.51291546,-7.58060932,-5.64864308,-5.836707945,-6.369570362,-8.078647573,-11.51291546,-9.11493837,-6.429929711,
82,187,5.95,,,,,1.62,1.95,,16.21,,0.11,0.07,0.2,2.1,0.79,0.9,0.76,0.02,1.69,1.33,6.21,,0.04,0.07,,,0,0.38,0.02,-4.757987068,,,,,,-6.802304489,-11.51291546,-9.11493837,-8.078647573,-5.64864308,-11.51291546,-11.51291546,-11.51291546,-7.798962835,-6.207628475,-4.87067313,-11.51291546,-11.51291546,-7.001175343,-11.51291546,
83,268,5.15,,,,,1.41,1.75,,25.36,,0.15,0.14,0.32,1.8,1.55,0.68,0.58,0.01,1.59,1.08,6.3,,0.03,0.05,,,0,0.43,0.02,-4.911195276,,,,,,-6.494154385,-11.51291546,-11.51291546,-6.715944046,-5.984979341,-11.51291546,-11.51291546,-5.514966007,-5.332256645,-6.802304489,-9.11493837,-11.51291546,-11.51291546,-7.798962835,-6.636437157,
84,284,5.19,,,,,1.42,1.91,,32.12,,0.18,0.16,0.39,2.42,1.24,0.44,0.75,0.01,1.48,1,5.48,,0.03,0.04,,,0,0.5,0.01,-4.635314755,,,,,,-7.798962835,-11.51291546,-11.51291546,-11.51291546,-5.075385114,-11.51291546,-5.159829971,-6.636437157,-5.945811621,-11.51291546,-8.078647573,-9.11493837,-11.51291546,-11.51291546,-6.89681426,
85,298,4.46,,,,,1.22,2.29,,44.8,,0.24,0.22,0.55,2.07,2.24,0.48,0.74,0.01,1.47,1.3,5.89,,0.03,0.06,,,0,0.68,0.03,-4.844529789,,,,,,-6.715944046,-11.51291546,-11.51291546,-6.89681426,-4.884001596,-11.51291546,-6.89681426,-7.798962835,-6.715944046,-6.025735588,-5.4425181,-7.249555068,-11.51291546,-5.738289181,-11.51291546,
86,194,6.04,,,,,1.65,1.44,,18.39,,0.13,0.11,0.2,2.55,1.11,0.42,0.84,0.02,1.57,1.16,5.68,,0.03,0.07,,,0.01,0.3,0.01,-4.87067313,,,,,,-6.15897505,-11.51291546,-8.468212057,-9.11493837,-5.159829971,-11.51291546,-11.51291546,-5.41948088,-5.540320268,-8.078647573,-8.078647573,-6.89681426,-9.11493837,-9.11493837,-5.593026524,
87,196,6.34,,,,,1.73,1.58,,14,,0.07,0.06,0.37,3.57,1.02,0.54,0.91,0.07,1.97,1.89,8.19,,0.03,0.11,,,0.02,0.31,0.01,-4.645876065,,,,,,-7.401461099,-11.51291546,-11.51291546,-11.51291546,-5.374926812,-6.429929711,-11.51291546,-5.466093781,-6.068215042,-6.312636719,-11.51291546,-9.11493837,-11.51291546,-9.11493837,-6.494154385,
88,233,6.1,,,,,1.66,2.5,,19.65,,0.13,0.11,0.15,2.09,1.07,0.37,0.67,0.01,1.24,0.88,4.6,,0.03,0.05,,,0.01,0.34,0.02,-4.99744382,,,,,,-5.836707945,-11.51291546,-8.078647573,-9.11493837,-4.884001596,-7.401461099,-11.51291546,-5.25197187,-5.514966007,-11.51291546,-8.468212057,-11.51291546,-11.51291546,-11.51291546,-6.15897505,
89,234,5.23,,,,,1.43,1.88,,27.52,,0.17,0.15,0.29,2.04,1.82,0.35,0.74,0.02,1.47,1.11,5.47,,0.03,0.06,,,0,0.41,0.02,-4.723038957,,,,,,-6.715944046,-11.51291546,-11.51291546,-11.51291546,-4.884001596,-11.51291546,-11.51291546,-6.068215042,-5.332256645,-5.984979341,-7.798962835,-11.51291546,-11.51291546,-11.51291546,-7.401461099,
90,260,4.87,,,,,1.33,1.03,,22.1,,0.1,0.1,0.57,1.36,1.02,0.08,0.53,0.01,1.71,1.2,6.67,,0.04,0.06,,,0,0.35,0.01,-4.594130431,,,,,,-11.51291546,-11.51291546,-11.51291546,-11.51291546,-4.897507372,-11.51291546,-6.715944046,-6.207628475,-5.195685494,-6.802304489,-8.468212057,-11.51291546,-11.51291546,-9.11493837,-7.117685751,
91,258,5.09,,,,,1.39,2.41,,31.31,,0.19,0.17,0.21,2.19,2.07,0.38,0.77,0.02,1.39,1.1,5.12,,0.03,0.06,,,0,0.45,0.02,-4.819042402,,,,,,-6.207628475,-11.51291546,-11.51291546,-11.51291546,-4.87067313,-11.51291546,-11.51291546,-7.401461099,-5.396957971,-5.490233815,-7.117685751,-11.51291546,-11.51291546,-7.001175343,-6.715944046,
92,222,6.43,,,,,1.75,0.67,,13.04,,0.04,0.05,0.3,3.35,0.63,0.49,0.88,0.02,1.96,2.04,8.04,,0.03,0.12,,,0,0.29,0,-4.645876065,,,,,,-7.58060932,-11.51291546,-11.51291546,-11.51291546,-4.831706181,-11.51291546,-11.51291546,-6.025735588,-5.25197187,-6.207628475,-9.11493837,-8.078647573,-11.51291546,-8.078647573,-7.58060932,
93,208,5.88,,,,,1.6,2.39,,23.06,,0.12,0.09,0.67,2.73,1.53,0.41,0.69,0.09,1.68,1.28,7.91,,0.04,0.07,,,0.01,0.61,0.03,-4.667332745,,,,,,-7.249555068,-11.51291546,-11.51291546,-11.51291546,-4.831706181,-6.112570272,-5.195685494,-6.429929711,-7.58060932,-8.468212057,-11.51291546,-11.51291546,-11.51291546,-11.51291546,-6.15897505,
94,195,4.8,,,,,1.31,2.76,,43.25,,0.2,0.18,0.48,2.86,2.14,0.35,0.88,0.03,1.41,1.07,5.04,,0.03,0.05,,,0,0.63,0.02,-4.769908387,,,,,,-6.89681426,-11.51291546,-11.51291546,-7.401461099,-5.012559785,-11.51291546,-11.51291546,-9.11493837,-6.429929711,-5.871776825,-5.374926812,-7.001175343,-11.51291546,-5.871776825,-5.984979341,
95,174,5.63,,,,,1.54,1.7,,25.84,,0.11,0.11,0.34,2.51,1.34,0.3,0.8,0.03,1.43,1.18,5.25,,0.03,0.06,,,0.01,0.45,0.02,-4.781971093,,,,,,-6.494154385,-11.51291546,-9.11493837,-9.11493837,-4.857517345,-11.51291546,-11.51291546,-6.494154385,-6.15897505,-6.89681426,-5.271452838,-8.078647573,-11.51291546,-5.945811621,-6.494154385,
96,278,5.51,,,,,1.5,1.18,,21.01,,0.12,0.11,0.3,1.94,1.06,0.9,0.63,0.01,1.58,1.27,6.17,,0.04,0.06,,,0,0.35,0.02,-4.711651263,,,,,,-7.249555068,-11.51291546,-11.51291546,-7.58060932,-5.466093781,-11.51291546,-6.562774466,-5.64864308,-5.871776825,-7.58060932,-6.369570362,-11.51291546,-9.11493837,-7.117685751,-6.715944046,
97,285,4.8,,,,,1.31,1.97,,34.5,,0.2,0.18,0.34,1.63,2.06,0.44,0.5,0.01,1.59,0.85,6.42,,0.03,0.04,,,0,0.55,0.02,-5.075385114,,,,,,-6.15897505,-11.51291546,-11.51291546,-6.369570362,-5.125201999,-11.51291546,-11.51291546,-5.836707945,-5.214101571,-6.494154385,-8.468212057,-11.51291546,-11.51291546,-5.984979341,-6.802304489,
98,253,5.99,,,,,1.63,1.98,,18.45,,0.07,0.07,0.46,2.54,0.25,0.43,0.89,0.01,1.67,1.65,6.81,,0.02,0.09,,,0,0.35,0.01,-4.594130431,,,,,,-11.51291546,-11.51291546,-11.51291546,-11.51291546,-4.884001596,-11.51291546,-5.770037705,-7.798962835,-5.593026524,-6.15897505,-7.249555068,-11.51291546,-11.51291546,-7.58060932,-7.001175343,
99,299,4.38,,,,,1.2,1.24,,44.99,,0.17,0.15,0.58,1.83,1.13,0.25,0.73,0.02,1.39,0.75,4.92,,0.03,0.03,,,0,0.69,0.02,-4.953403005,,,,,,-7.798962835,-11.51291546,-11.51291546,-5.945811621,-4.925070328,-11.51291546,-5.540320268,-7.001175343,-5.836707945,-6.494154385,-7.117685751,-11.51291546,-11.51291546,-11.51291546,-9.11493837,
100,275,4.86,,,,,1.33,1.66,,37.52,,0.15,0.14,0.51,2.4,0.9,0.36,0.93,0.02,1.51,1.01,5.07,,0.03,0.05,,,0,0.61,0.02,-4.939137754,,,,,,-7.798962835,-11.51291546,-11.51291546,-5.984979341,-4.967871767,-11.51291546,-9.11493837,-8.468212057,-5.707511605,-5.332256645,-6.429929711,-11.51291546,-11.51291546,-6.312636719,-11.51291546,
101,282,4.32,,,,,1.18,2.62,,51.16,,0.2,0.17,0.84,2.67,1.63,0.19,1.18,0.02,1.65,2.02,5.08,,0.03,0.1,,,0,0.8,0.03,-4.594130431,,,,,,-11.51291546,-11.51291546,-11.51291546,-11.51291546,-4.982549973,-11.51291546,-5.159829971,-11.51291546,-6.429929711,-6.112570272,-7.58060932,-11.51291546,-11.51291546,-7.249555068,-11.51291546,
102,270,4.8,,,,,1.31,2.49,,39.84,,0.18,0.14,0.74,2.43,2.2,0.29,1.09,0.03,1.72,1.85,5.33,,0.03,0.09,,,0,0.66,0.02,-4.594130431,,,,,,-11.51291546,-11.51291546,-11.51291546,-11.51291546,-4.897507372,-11.51291546,-11.51291546,-7.798962835,-6.112570272,-5.64864308,-7.58060932,-5.67764717,-11.51291546,-11.51291546,-11.51291546,
103,295,4.18,,,,,1.14,1.79,,35.44,,0.17,0.15,0.08,1.2,1.47,0.25,0.56,0,0.78,1.02,2.86,,0.02,0.05,,,0,0.49,0.01,-5.311579301,,,,,,-5.41948088,-11.51291546,-11.51291546,-7.249555068,-5.4425181,-11.51291546,-4.594130431,-11.51291546,-11.51291546,-11.51291546,-11.51291546,-11.51291546,-11.51291546,-11.51291546,-7.401461099,
104,295,5.22,,,,,1.42,2.09,,24.29,,0.14,0.1,0.08,2,1.11,0.4,0.55,0.01,1.25,0.72,4.66,,0.03,0.04,,,0.01,0.34,0.01,-5.027904641,,,,,,-5.836707945,-11.51291546,-11.51291546,-7.401461099,-5.593026524,-11.51291546,-7.58060932,-7.401461099,-5.945811621,-5.802820655,-6.112570272,-6.89681426,-9.11493837,-6.025735588,-5.332256645,
105,276,5.59,,,,,1.53,1.5,,21.68,,0.12,0.11,0.09,1.97,1.13,0.4,0.56,0.01,1.31,0.85,5.07,,0.03,0.05,,,0.01,0.33,0.01,-4.99744382,,,,,,-5.871776825,-11.51291546,-11.51291546,-7.401461099,-5.291316833,-11.51291546,-11.51291546,-11.51291546,-7.58060932,-5.836707945,-5.091719854,-7.58060932,-11.51291546,-5.214101571,-8.078647573,
106,189,5.93,,,,,1.62,1.79,,23.67,,0.13,0.1,0.24,3.08,1.02,0.67,0.97,0.04,1.68,1.38,5.74,,0.04,0.07,,,0.01,0.46,0.05,-4.819042402,,,,,,-6.494154385,-9.11493837,-11.51291546,-7.798962835,-5.871776825,-4.953403005,-11.51291546,-6.89681426,-6.207628475,-11.51291546,-11.51291546,-11.51291546,-11.51291546,-11.51291546,-11.51291546,
107,192,6.27,,,,,1.71,3.01,,16.37,,0.11,0.08,0.13,2.34,0.7,0.57,0.76,0.02,1.63,1.23,6.27,,0.03,0.07,,,0,0.29,0.02,-4.819042402,,,,,,-6.369570362,-11.51291546,-11.51291546,-8.078647573,-5.195685494,-5.908112946,-11.51291546,-6.715944046,-5.195685494,-7.401461099,-11.51291546,-11.51291546,-11.51291546,-11.51291546,-5.177598841,
108,268,5.53,,,,,1.51,1.47,,25.84,,0.13,0.12,0.47,2.19,1.06,0.42,0.9,0.02,1.72,1.42,6.38,,0.03,0.07,,,0,0.43,0.02,-4.68925098,,,,,,-9.11493837,-11.51291546,-11.51291546,-7.249555068,-4.857517345,-11.51291546,-11.51291546,-7.58060932,-5.707511605,-5.353366296,-6.562774466,-9.11493837,-11.51291546,-7.249555068,-5.984979341,
109,188,5.94,,,,,1.62,2.53,,23.36,,0.13,0.11,0.23,2.9,1.01,0.65,0.93,0.04,1.65,1.29,5.69,,0.04,0.07,,,0.01,0.43,0.02,-4.831706181,,,,,,-6.369570362,-9.11493837,-11.51291546,-8.078647573,-5.67764717,-4.953403005,-11.51291546,-6.89681426,-6.207628475,-11.51291546,-11.51291546,-11.51291546,-11.51291546,-11.51291546,-11.51291546,
110,276,4.58,,,,,1.25,1.54,,19.3,,0.14,0.1,0.33,1.06,2.02,0.16,0.48,0.01,1,1.59,4.17,,0.02,0.09,,,0,0.3,0.01,-5.043485474,,,,,,-5.707511605,-11.51291546,-11.51291546,-8.078647573,-5.25197187,-11.51291546,-5.075385114,-8.078647573,-7.249555068,-6.312636719,-7.001175343,-11.51291546,-9.11493837,-8.078647573,-7.001175343,
111,275,5.64,,,,,1.54,2.42,,21.46,,0.13,0.11,0.08,2,1.1,0.42,0.54,0.01,1.32,0.81,5.11,,0.03,0.04,,,0.01,0.33,0.01,-4.99744382,,,,,,-5.908112946,-11.51291546,-11.51291546,-7.401461099,-5.232859365,-11.51291546,-11.51291546,-11.51291546,-6.312636719,-6.802304489,-5.232859365,-6.369570362,-9.11493837,-4.982549973,-7.117685751,
112,189,6.07,,,,,1.66,1.47,,21.09,,0.09,0.06,0.3,4.71,0.98,0.82,1.37,0.05,1.96,1.9,6.38,,0.05,0.1,,,0.01,0.56,0.02,-4.700389531,,,,,,-9.11493837,-8.078647573,-11.51291546,-7.249555068,-6.636437157,-4.953403005,-11.51291546,-6.89681426,-6.207628475,-11.51291546,-11.51291546,-11.51291546,-11.51291546,-11.51291546,-11.51291546,
113,229,6.28,,,,,1.71,1.06,,17.03,,0.12,0.09,0.11,2.29,0.69,0.58,0.73,0.02,1.62,1.13,6.13,,0.03,0.06,,,0,0.27,0.01,-4.857517345,,,,,,-6.207628475,-11.51291546,-11.51291546,-8.078647573,-5.075385114,-5.984979341,-11.51291546,-6.025735588,-5.271452838,-11.51291546,-11.51291546,-11.51291546,-11.51291546,-11.51291546,-4.564297654,
114,200,6.06,,,,,1.65,5.21,,17.29,,0.09,0.07,0.36,2.43,0.68,0.64,0.89,0.04,1.74,1.79,6.53,,0.03,0.1,,,0.01,0.35,0.01,-4.645876065,,,,,,-9.11493837,-11.51291546,-11.51291546,-7.58060932,-5.159829971,-6.312636719,-11.51291546,-6.258760144,-5.4425181,-6.207628475,-11.51291546,-11.51291546,-11.51291546,-11.51291546,-4.470713756,
115,262,5.94,,,,,1.62,1.66,,21.11,,0.07,0.09,0.46,2.1,1.47,0.42,0.83,0.04,1.8,1.28,6.8,,0.03,0.07,,,0,0.36,0.01,-4.594130431,,,,,,-11.51291546,-11.51291546,-11.51291546,-11.51291546,-5.012559785,-11.51291546,-11.51291546,-6.562774466,-5.871776825,-5.540320268,-6.312636719,-9.11493837,-11.51291546,-6.802304489,-6.369570362,
116,258,5.42,,,,,1.48,1.09,,29.14,,0.14,0.14,0.47,2.34,1.19,0.42,0.95,0.01,1.68,1.48,6.32,,0.03,0.07,,,0,0.44,0.01,-4.794178609,,,,,,-8.078647573,-11.51291546,-11.51291546,-6.494154385,-4.939137754,-11.51291546,-8.468212057,-8.468212057,-5.142367847,-5.738289181,-7.401461099,-11.51291546,-11.51291546,-7.401461099,-6.802304489,
117,287,4.5,,,,,1.23,2.09,,28.6,,0.17,0.15,0.17,1.22,3.14,0.08,0.46,0,0.84,0.87,3.56,,0.03,0.04,,,0,0.41,0.01,-4.897507372,,,,,,-5.945811621,-11.51291546,-11.51291546,-11.51291546,-5.043485474,-11.51291546,-6.494154385,-7.58060932,-6.207628475,-5.707511605,-5.908112946,-11.51291546,-11.51291546,-8.078647573,-6.369570362,
118,270,5.42,,,,,1.48,1.3,,21.52,,0.13,0.12,0.11,1.87,1.3,0.38,0.55,0.01,1.27,0.92,4.95,,0.03,0.05,,,0,0.32,0.01,-4.982549973,,,,,,-5.908112946,-11.51291546,-11.51291546,-7.58060932,-4.99744382,-11.51291546,-11.51291546,-9.11493837,-6.112570272,-8.078647573,-5.195685494,-6.494154385,-7.798962835,-5.291316833,-6.15897505,
119,277,4.53,,,,,1.24,1.37,,29.61,,0.18,0.14,0.19,1.27,3.05,0.11,0.47,0,0.93,1.02,3.76,,0.03,0.05,,,0.01,0.43,0.01,-4.806534485,,,,,,-6.258760144,-11.51291546,-11.51291546,-11.51291546,-5.091719854,-11.51291546,-11.51291546,-6.429929711,-6.15897505,-6.068215042,-5.620450992,-8.468212057,-8.468212057,-6.494154385,-7.001175343,
120,274,5.62,,,,,1.53,1.27,,20.63,,0.12,0.1,0.09,1.96,1.09,0.42,0.54,0.01,1.31,0.89,5.09,,0.03,0.05,,,0,0.31,0.01,-4.99744382,,,,,,-5.908112946,-11.51291546,-11.51291546,-7.401461099,-5.091719854,-11.51291546,-11.51291546,-9.11493837,-5.67764717,-8.468212057,-5.353366296,-6.429929711,-11.51291546,-5.41948088,-5.984979341,
121,261,7.7,5.58,20,12.52,3.8,,,5.37,,40,,,,,,,,,,,,,,,,,,0.19,0.01,-5.232859365,-9.11493837,-7.58060932,-5.374926812,-5.802820655,-11.51291546,-7.58060932,,,,,,,,,,,,,,,
122,245,7.6,5.31,29.26,12.32,6.35,,,3.01,,25,,,,,,,,,,,,,,,,,,0.16,0.01,-5.108322485,-11.51291546,-5.353366296,-6.715944046,-6.562774466,-7.117685751,-8.468212057,,,,,,,,,,,,,,,
123,227,8,18.3,24.46,8.84,5.83,,,4.02,,30,,,,,,,,,,,,,,,,,,0.2,0.01,-5.075385114,-9.11493837,-5.945811621,-5.64864308,-5.984979341,-11.51291546,-7.58060932,,,,,,,,,,,,,,,
124,245,8,13.3,23.87,12.39,4.26,,,4.62,,30,,,,,,,,,,,,,,,,,,0.25,0.01,-5.214101571,-8.468212057,-6.258760144,-5.707511605,-5.836707945,-11.51291546,-7.117685751,,,,,,,,,,,,,,,
125,251,7.9,4.86,28.72,12,6.23,,,3.29,,20,,,,,,,,,,,,,,,,,,0.16,0.01,-5.027904641,-11.51291546,-5.311579301,-6.429929711,-6.429929711,-8.468212057,-8.468212057,,,,,,,,,,,,,,,
126,260,7.6,4.7,38.46,10.85,6.44,,,4.29,,40,,,,,,,,,,,,,,,,,,0.19,0.01,-5.466093781,-8.078647573,-6.15897505,-6.312636719,-5.770037705,-8.078647573,-7.798962835,,,,,,,,,,,,,,,
127,220,7.9,19.1,40.12,8.72,3.62,,,6.91,,40,,,,,,,,,,,,,,,,,,0.3,0.02,-5.142367847,-9.11493837,-5.802820655,-5.908112946,-5.908112946,-11.51291546,-7.001175343,,,,,,,,,,,,,,,
128,288,7.8,4.66,19,12.71,5.86,,,3.01,,40,,,,,,,,,,,,,,,,,,0.22,0,-5.374926812,-11.51291546,-5.514966007,-7.401461099,-6.802304489,-5.770037705,-8.468212057,,,,,,,,,,,,,,,
129,175,8,20.6,38.09,9.29,8.2,,,3.69,,20,,,,,,,,,,,,,,,,,,0.14,0.01,-4.831706181,-9.11493837,-5.466093781,-5.620450992,-6.802304489,-8.468212057,-8.468212057,,,,,,,,,,,,,,,
130,270,8,5.88,26.06,12.36,5.62,,,8.35,,90,,,,,,,,,,,,,,,,,,0.27,0.01,-4.99744382,-8.078647573,-5.908112946,-5.566328837,-6.025735588,-11.51291546,-8.468212057,,,,,,,,,,,,,,,
131,261,7.7,5.98,25.67,7.8,-0.98,,,4.66,,40,,,,,,,,,,,,,,,,,,0.2,0.01,-5.232859365,-9.11493837,-7.58060932,-5.374926812,-5.802820655,-11.51291546,-7.58060932,,,,,,,,,,,,,,,
132,245,7.5,5.33,30.43,3.9,0.38,,,3.15,,30,,,,,,,,,,,,,,,,,,0.18,0.01,-5.108322485,-11.51291546,-5.353366296,-6.715944046,-6.562774466,-7.117685751,-8.468212057,,,,,,,,,,,,,,,
133,227,8,16.76,26.63,5.7,-1.32,,,4.7,,50,,,,,,,,,,,,,,,,,,0.3,0.01,-5.075385114,-9.11493837,-5.945811621,-5.64864308,-5.984979341,-11.51291546,-7.58060932,,,,,,,,,,,,,,,
134,245,7.8,13.77,45.66,4.13,-1.88,,,4.02,,40,,,,,,,,,,,,,,,,,,0.22,0.01,-5.214101571,-8.468212057,-6.258760144,-5.707511605,-5.836707945,-11.51291546,-7.117685751,,,,,,,,,,,,,,,
135,251,7.4,4.93,40.12,5.62,2.47,,,2.72,,35,,,,,,,,,,,,,,,,,,0.17,0.01,-5.027904641,-11.51291546,-5.311579301,-6.429929711,-6.429929711,-8.468212057,-8.468212057,,,,,,,,,,,,,,,
136,260,7.5,4.97,32.09,6.86,0.78,,,4.14,,50,,,,,,,,,,,,,,,,,,0.16,0.01,-5.466093781,-8.078647573,-6.15897505,-6.312636719,-5.770037705,-8.078647573,-7.798962835,,,,,,,,,,,,,,,
137,220,7.9,15.69,37.04,5.54,1.33,,,3.88,,80,,,,,,,,,,,,,,,,,,0.22,0.01,-5.142367847,-9.11493837,-5.802820655,-5.908112946,-5.908112946,-11.51291546,-7.001175343,,,,,,,,,,,,,,,
138,288,7.6,5.03,17.57,4.49,0.9,,,4.01,,40,,,,,,,,,,,,,,,,,,0.31,0.02,-5.374926812,-11.51291546,-5.514966007,-7.401461099,-6.802304489,-5.770037705,-8.468212057,,,,,,,,,,,,,,,
139,175,8.1,21.2,33.8,5.92,0.96,,,1.58,,25,,,,,,,,,,,,,,,,,,0.07,0,-4.831706181,-9.11493837,-5.466093781,-5.620450992,-6.802304489,-8.468212057,-8.468212057,,,,,,,,,,,,,,,
140,270,7.4,6.12,38.24,4.99,-0.7,,,8.74,,130,,,,,,,,,,,,,,,,,,0.29,0.01,-4.99744382,-8.078647573,-5.908112946,-5.566328837,-6.025735588,-11.51291546,-8.468212057,,,,,,,,,,,,,,,
